Assam,BAKSA,2005,Autumn     ,Rice,17083,15415,95962,125729
Assam,BAKSA,2005,Summer     ,Rice,12650,17027,,
Assam,BAKSA,2005,Winter     ,Rice,66229,93287,,
Assam,BAKSA,2006,Autumn     ,Rice,26235,23208,91167,116814
Assam,BAKSA,2006,Summer     ,Rice,12737,25691,,
Assam,BAKSA,2006,Winter     ,Rice,52195,67915,,
Assam,BAKSA,2007,Autumn     ,Rice,21551,20266,87233,107853
Assam,BAKSA,2007,Summer     ,Rice,7124,14341,,
Assam,BAKSA,2007,Winter     ,Rice,58558,73246,,
Assam,BAKSA,2008,Autumn     ,Rice,13587,18640,94794,164203
Assam,BAKSA,2008,Summer     ,Rice,11712,20949,,
Assam,BAKSA,2008,Winter     ,Rice,69495,124614,,
Assam,BAKSA,2009,Autumn     ,Rice,13217,21279,92194,147707
Assam,BAKSA,2009,Summer     ,Rice,10524,16463,,
Assam,BAKSA,2009,Winter     ,Rice,68453,109965,,
Assam,BAKSA,2010,Autumn     ,Rice,11562,13489,101730,160856
Assam,BAKSA,2010,Summer     ,Rice,6000,13150,,
Assam,BAKSA,2010,Winter     ,Rice,84168,134217,,
Assam,BAKSA,2011,Autumn     ,Rice,10325,14340,98275,173084
Assam,BAKSA,2011,Summer     ,Rice,2500,5595,,
Assam,BAKSA,2011,Winter     ,Rice,85450,153149,,
Assam,BAKSA,2012,Autumn     ,Rice,11780,16636,99785,179782
Assam,BAKSA,2012,Summer     ,Rice,2520,6137,,
Assam,BAKSA,2012,Winter     ,Rice,85485,157009,,
Assam,BAKSA,2013,Autumn     ,Rice,10200,16672,98680,184041
Assam,BAKSA,2013,Summer     ,Rice,2750,5885,,
Assam,BAKSA,2013,Winter     ,Rice,85730,161484,,
Assam,BAKSA,2014,Autumn     ,Rice,10800,18283,99920,219819
Assam,BAKSA,2014,Summer     ,Rice,3050,6509,,
Assam,BAKSA,2014,Winter     ,Rice,86070,195027,,
Assam,BARPETA,1997,Autumn     ,Rice,83560,43512,195425,132932
Assam,BARPETA,1997,Summer     ,Rice,8850,12831,,
Assam,BARPETA,1997,Winter     ,Rice,103015,76589,,
Assam,BARPETA,1998,Autumn     ,Rice,83355,46436,188625,172587
Assam,BARPETA,1998,Summer     ,Rice,16435,32739,,
Assam,BARPETA,1998,Winter     ,Rice,88835,93412,,
Assam,BARPETA,1999,Autumn     ,Rice,83830,59762,206842,239123
Assam,BARPETA,1999,Summer     ,Rice,18637,57626,,
Assam,BARPETA,1999,Winter     ,Rice,104375,121735,,
Assam,BARPETA,2000,Autumn     ,Rice,73675,60705,195855,239328
Assam,BARPETA,2000,Summer     ,Rice,25005,58014,,
Assam,BARPETA,2000,Winter     ,Rice,97175,120609,,
Assam,BARPETA,2001,Autumn     ,Rice,56482,40845,172492,199234
Assam,BARPETA,2001,Summer     ,Rice,18510,39355,,
Assam,BARPETA,2001,Winter     ,Rice,97500,119034,,
Assam,BARPETA,2002,Autumn     ,Rice,63725,38265,179225,185010
Assam,BARPETA,2002,Summer     ,Rice,16000,35031,,
Assam,BARPETA,2002,Winter     ,Rice,99500,111714,,
Assam,BARPETA,2003,Autumn     ,Rice,58500,41992,175650,208520
Assam,BARPETA,2003,Summer     ,Rice,17400,37888,,
Assam,BARPETA,2003,Winter     ,Rice,99750,128640,,
Assam,BARPETA,2004,Autumn     ,Rice,60760,7597,142630,115615
Assam,BARPETA,2004,Summer     ,Rice,19645,33526,,
Assam,BARPETA,2004,Winter     ,Rice,62225,74492,,
Assam,BARPETA,2005,Autumn     ,Rice,51500,39916,118152,135634
Assam,BARPETA,2005,Summer     ,Rice,13897,20379,,
Assam,BARPETA,2005,Winter     ,Rice,52755,75339,,
Assam,BARPETA,2006,Autumn     ,Rice,46504,29973,111890,114291
Assam,BARPETA,2006,Summer     ,Rice,15213,32963,,
Assam,BARPETA,2006,Winter     ,Rice,50173,51355,,
Assam,BARPETA,2007,Autumn     ,Rice,33564,18202,104214,119575
Assam,BARPETA,2007,Summer     ,Rice,16829,37462,,
Assam,BARPETA,2007,Winter     ,Rice,53821,63911,,
Assam,BARPETA,2008,Autumn     ,Rice,48880,43134,164341,221521
Assam,BARPETA,2008,Summer     ,Rice,42937,85624,,
Assam,BARPETA,2008,Winter     ,Rice,72524,92763,,
Assam,BARPETA,2009,Autumn     ,Rice,50063,40476,172062,266545
Assam,BARPETA,2009,Summer     ,Rice,48309,121935,,
Assam,BARPETA,2009,Winter     ,Rice,73690,104134,,
Assam,BARPETA,2010,Autumn     ,Rice,39756,33805,165743,314231
Assam,BARPETA,2010,Summer     ,Rice,51581,131465,,
Assam,BARPETA,2010,Winter     ,Rice,74406,148961,,
Assam,BARPETA,2011,Autumn     ,Rice,27987,13767,157976,298526
Assam,BARPETA,2011,Summer     ,Rice,51708,174318,,
Assam,BARPETA,2011,Winter     ,Rice,78281,110441,,
Assam,BARPETA,2012,Autumn     ,Rice,6346,1075,125864,164450
Assam,BARPETA,2012,Summer     ,Rice,52921,163375,,
Assam,BARPETA,2012,Winter     ,Rice,66597,107022,,
Assam,BARPETA,2013,Autumn     ,Rice,19191,16796,,
Assam,BARPETA,2013,Summer     ,Rice,47877,158072,,
Assam,BARPETA,2013,Winter     ,Rice,67630,123146,,
Assam,BARPETA,2014,Autumn     ,Rice,17551,18634,,
Assam,BARPETA,2014,Summer     ,Rice,49261,141830,,
Assam,BARPETA,2014,Winter     ,Rice,69154,102046,,
Assam,BONGAIGAON,1997,Autumn     ,Rice,29514,14056,,
Assam,BONGAIGAON,1997,Summer     ,Rice,6366,5462,,
Assam,BONGAIGAON,1997,Winter     ,Rice,56841,38596,,
Assam,BONGAIGAON,1998,Autumn     ,Rice,33335,28062,,
Assam,BONGAIGAON,1998,Summer     ,Rice,6795,9580,,
Assam,BONGAIGAON,1998,Winter     ,Rice,56133,54267,,
Assam,BONGAIGAON,1999,Autumn     ,Rice,32940,23441,,
Assam,BONGAIGAON,1999,Summer     ,Rice,8414,12119,,
Assam,BONGAIGAON,1999,Winter     ,Rice,57620,62814,,
Assam,BONGAIGAON,2000,Autumn     ,Rice,33157,30980,,
Assam,BONGAIGAON,2000,Summer     ,Rice,9931,14064,,
Assam,BONGAIGAON,2000,Winter     ,Rice,57625,58910,,
Assam,BONGAIGAON,2001,Autumn     ,Rice,33306,30266,,
Assam,BONGAIGAON,2001,Summer     ,Rice,9967,16462,,
Assam,BONGAIGAON,2001,Winter     ,Rice,57795,66814,,
Assam,BONGAIGAON,2002,Autumn     ,Rice,33750,29871,,
Assam,BONGAIGAON,2002,Summer     ,Rice,9527,14838,,
Assam,BONGAIGAON,2002,Winter     ,Rice,59640,78756,,
Assam,BONGAIGAON,2003,Autumn     ,Rice,34213,32358,,
Assam,BONGAIGAON,2003,Summer     ,Rice,9569,12546,,
Assam,BONGAIGAON,2003,Winter     ,Rice,58844,74327,,
Assam,BONGAIGAON,2004,Autumn     ,Rice,34147,23886,,
Assam,BONGAIGAON,2004,Summer     ,Rice,9997,13155,,
Assam,BONGAIGAON,2004,Winter     ,Rice,58690,72659,,
Assam,BONGAIGAON,2005,Autumn     ,Rice,29128,27125,,
Assam,BONGAIGAON,2005,Summer     ,Rice,7814,14947,,
Assam,BONGAIGAON,2005,Winter     ,Rice,39572,45530,,
Assam,BONGAIGAON,2006,Autumn     ,Rice,23189,16774,,
Assam,BONGAIGAON,2006,Summer     ,Rice,7818,12188,,
Assam,BONGAIGAON,2006,Winter     ,Rice,32545,31246,,
Assam,BONGAIGAON,2007,Autumn     ,Rice,22507,16954,,
Assam,BONGAIGAON,2007,Summer     ,Rice,8132,19327,,
Assam,BONGAIGAON,2007,Winter     ,Rice,35410,33297,,
Assam,BONGAIGAON,2008,Autumn     ,Rice,22147,20617,,
Assam,BONGAIGAON,2008,Summer     ,Rice,9947,20907,,
Assam,BONGAIGAON,2008,Winter     ,Rice,36346,41200,,
Assam,BONGAIGAON,2009,Autumn     ,Rice,20782,14732,,
Assam,BONGAIGAON,2009,Summer     ,Rice,10028,23102,,
Assam,BONGAIGAON,2009,Winter     ,Rice,34421,39073,,
Assam,BONGAIGAON,2010,Autumn     ,Rice,16142,12826,,
Assam,BONGAIGAON,2010,Summer     ,Rice,10680,35104,,
Assam,BONGAIGAON,2010,Winter     ,Rice,34806,52651,,
Assam,BONGAIGAON,2011,Autumn     ,Rice,15953,17728,,
Assam,BONGAIGAON,2011,Summer     ,Rice,10507,31151,,
Assam,BONGAIGAON,2011,Winter     ,Rice,36205,48899,,
Assam,BONGAIGAON,2012,Autumn     ,Rice,12922,16900,,
Assam,BONGAIGAON,2012,Summer     ,Rice,10740,31907,,
Assam,BONGAIGAON,2012,Winter     ,Rice,35931,57117,,
Assam,BONGAIGAON,2013,Autumn     ,Rice,11021,17595,,
Assam,BONGAIGAON,2013,Summer     ,Rice,13070,38727,,
Assam,BONGAIGAON,2013,Winter     ,Rice,32690,66164,,
Assam,BONGAIGAON,2014,Autumn     ,Rice,5865,7909,,
Assam,BONGAIGAON,2014,Summer     ,Rice,11685,38969,,
Assam,BONGAIGAON,2014,Winter     ,Rice,35299,69061,,
Assam,CACHAR,1997,Autumn     ,Rice,8278,7956,,
Assam,CACHAR,1997,Summer     ,Rice,7200,7843,,
Assam,CACHAR,1997,Winter     ,Rice,88000,94250,,
Assam,CACHAR,1998,Autumn     ,Rice,8500,11894,,
Assam,CACHAR,1998,Summer     ,Rice,6800,11220,,
Assam,CACHAR,1998,Winter     ,Rice,87641,179644,,
Assam,CACHAR,1999,Autumn     ,Rice,7800,7199,,
Assam,CACHAR,1999,Summer     ,Rice,7800,13416,,
Assam,CACHAR,1999,Winter     ,Rice,87864,161235,,
Assam,CACHAR,2000,Autumn     ,Rice,12000,26674,,
Assam,CACHAR,2000,Summer     ,Rice,8000,17616,,
Assam,CACHAR,2000,Winter     ,Rice,84000,177395,,
Assam,CACHAR,2001,Autumn     ,Rice,9000,18819,,
Assam,CACHAR,2001,Summer     ,Rice,9000,12015,,
Assam,CACHAR,2001,Winter     ,Rice,84093,193910,,
Assam,CACHAR,2002,Autumn     ,Rice,9010,17300,,
Assam,CACHAR,2002,Summer     ,Rice,9110,15943,,
Assam,CACHAR,2002,Winter     ,Rice,87000,186815,,
Assam,CACHAR,2003,Autumn     ,Rice,9250,18799,,
Assam,CACHAR,2003,Summer     ,Rice,9865,0,,
Assam,CACHAR,2003,Winter     ,Rice,90081,215840,,
Assam,CACHAR,2004,Autumn     ,Rice,10174,2140,,
Assam,CACHAR,2004,Summer     ,Rice,9990,14835,,
Assam,CACHAR,2004,Winter     ,Rice,82968,148467,,
Assam,CACHAR,2005,Autumn     ,Rice,9411,18157,,
Assam,CACHAR,2005,Summer     ,Rice,10261,16722,,
Assam,CACHAR,2005,Winter     ,Rice,90194,183913,,
Assam,CACHAR,2006,Autumn     ,Rice,4070,6344,,
Assam,CACHAR,2006,Summer     ,Rice,7819,8100,,
Assam,CACHAR,2006,Winter     ,Rice,89689,151116,,
Assam,CACHAR,2007,Autumn     ,Rice,10130,16238,,
Assam,CACHAR,2007,Summer     ,Rice,9680,18533,,
Assam,CACHAR,2007,Winter     ,Rice,79842,64012,,
Assam,CACHAR,2008,Autumn     ,Rice,8350,13808,,
Assam,CACHAR,2008,Summer     ,Rice,9560,21126,,
Assam,CACHAR,2008,Winter     ,Rice,93610,199711,,
Assam,CACHAR,2009,Autumn     ,Rice,8276,16457,,
Assam,CACHAR,2009,Summer     ,Rice,8902,6448,,
Assam,CACHAR,2009,Winter     ,Rice,93082,204084,,
Assam,CACHAR,2010,Autumn     ,Rice,8359,16087,,
Assam,CACHAR,2010,Summer     ,Rice,7332,14228,,
Assam,CACHAR,2010,Winter     ,Rice,88908,195008,,
Assam,CACHAR,2011,Autumn     ,Rice,7700,13116,,
Assam,CACHAR,2011,Summer     ,Rice,7990,14971,,
Assam,CACHAR,2011,Winter     ,Rice,90682,177981,,
Assam,CACHAR,2012,Autumn     ,Rice,7680,15518,,
Assam,CACHAR,2012,Summer     ,Rice,7547,14736,,
Assam,CACHAR,2012,Winter     ,Rice,91912,202725,,
Assam,CACHAR,2013,Autumn     ,Rice,6430,10288,,
Assam,CACHAR,2013,Summer     ,Rice,7700,12958,,
Assam,CACHAR,2013,Winter     ,Rice,82347,153041,,
Assam,CACHAR,2014,Autumn     ,Rice,6752,13796,,
Assam,CACHAR,2014,Summer     ,Rice,8235,16088,,
Assam,CACHAR,2014,Winter     ,Rice,92895,216009,,
Assam,CHIRANG,2005,Autumn     ,Rice,10417,8313,,
Assam,CHIRANG,2005,Summer     ,Rice,3438,5583,,
Assam,CHIRANG,2005,Winter     ,Rice,29259,35506,,
Assam,CHIRANG,2006,Autumn     ,Rice,15038,13303,,
Assam,CHIRANG,2006,Summer     ,Rice,3757,7578,,
Assam,CHIRANG,2006,Winter     ,Rice,32687,42532,,
Assam,CHIRANG,2007,Autumn     ,Rice,15899,12476,,
Assam,CHIRANG,2007,Summer     ,Rice,3182,5118,,
Assam,CHIRANG,2007,Winter     ,Rice,34552,34188,,
Assam,CHIRANG,2008,Autumn     ,Rice,14608,8786,,
Assam,CHIRANG,2008,Summer     ,Rice,3419,4668,,
Assam,CHIRANG,2008,Winter     ,Rice,33354,35693,,
Assam,CHIRANG,2009,Autumn     ,Rice,14635,12473,,
Assam,CHIRANG,2009,Summer     ,Rice,3453,4995,,
Assam,CHIRANG,2009,Winter     ,Rice,33708,52037,,
Assam,CHIRANG,2010,Autumn     ,Rice,15372,15765,,
Assam,CHIRANG,2010,Summer     ,Rice,1713,4240,,
Assam,CHIRANG,2010,Winter     ,Rice,35740,57482,,
Assam,CHIRANG,2011,Autumn     ,Rice,15177,17161,,
Assam,CHIRANG,2011,Summer     ,Rice,442,1106,,
Assam,CHIRANG,2011,Winter     ,Rice,35480,42430,,
Assam,CHIRANG,2012,Autumn     ,Rice,17722,22966,,
Assam,CHIRANG,2012,Summer     ,Rice,3262,9672,,
Assam,CHIRANG,2012,Winter     ,Rice,36176,50867,,
Assam,CHIRANG,2013,Autumn     ,Rice,8879,11707,,
Assam,CHIRANG,2013,Summer     ,Rice,2727,6025,,
Assam,CHIRANG,2013,Winter     ,Rice,35250,58207,,
Assam,CHIRANG,2014,Autumn     ,Rice,6255,6553,,
Assam,CHIRANG,2014,Summer     ,Rice,3413,8114,,
Assam,CHIRANG,2014,Winter     ,Rice,35857,58189,,
Assam,DARRANG,1997,Autumn     ,Rice,68782,40252,,
Assam,DARRANG,1997,Summer     ,Rice,7767,8937,,
Assam,DARRANG,1997,Winter     ,Rice,93133,70404,,
Assam,DARRANG,1998,Autumn     ,Rice,68800,59143,,
Assam,DARRANG,1998,Summer     ,Rice,7795,10605,,
Assam,DARRANG,1998,Winter     ,Rice,82291,104485,,
Assam,DARRANG,1999,Autumn     ,Rice,68700,61025,,
Assam,DARRANG,1999,Summer     ,Rice,13501,27841,,
Assam,DARRANG,1999,Winter     ,Rice,104375,121213,,
Assam,DARRANG,2000,Autumn     ,Rice,80258,71065,,
Assam,DARRANG,2000,Summer     ,Rice,16100,23684,,
Assam,DARRANG,2000,Winter     ,Rice,104475,153306,,
Assam,DARRANG,2001,Autumn     ,Rice,77720,86816,,
Assam,DARRANG,2001,Summer     ,Rice,16470,33010,,
Assam,DARRANG,2001,Winter     ,Rice,94000,148207,,
Assam,DARRANG,2002,Autumn     ,Rice,62722,62640,,
Assam,DARRANG,2002,Summer     ,Rice,16000,30154,,
Assam,DARRANG,2002,Winter     ,Rice,91815,112768,,
Assam,DARRANG,2003,Autumn     ,Rice,58340,60241,,
Assam,DARRANG,2003,Summer     ,Rice,13159,21880,,
Assam,DARRANG,2003,Winter     ,Rice,85117,133238,,
Assam,DARRANG,2004,Autumn     ,Rice,60000,33992,,
Assam,DARRANG,2004,Summer     ,Rice,10581,18529,,
Assam,DARRANG,2004,Winter     ,Rice,74305,103631,,
Assam,DARRANG,2005,Autumn     ,Rice,33000,43188,,
Assam,DARRANG,2005,Summer     ,Rice,1527,2692,,
Assam,DARRANG,2005,Winter     ,Rice,40639,62966,,
Assam,DARRANG,2006,Autumn     ,Rice,19861,22279,,
Assam,DARRANG,2006,Summer     ,Rice,4452,9153,,
Assam,DARRANG,2006,Winter     ,Rice,26025,36479,,
Assam,DARRANG,2007,Autumn     ,Rice,13275,15832,,
Assam,DARRANG,2007,Summer     ,Rice,12328,29205,,
Assam,DARRANG,2007,Winter     ,Rice,33086,51623,,
Assam,DARRANG,2008,Autumn     ,Rice,12362,16859,,
Assam,DARRANG,2008,Summer     ,Rice,19078,46016,,
Assam,DARRANG,2008,Winter     ,Rice,48213,81778,,
Assam,DARRANG,2009,Autumn     ,Rice,14624,10676,,
Assam,DARRANG,2009,Summer     ,Rice,19192,46521,,
Assam,DARRANG,2009,Winter     ,Rice,45540,72682,,
Assam,DARRANG,2010,Autumn     ,Rice,14941,20783,,
Assam,DARRANG,2010,Summer     ,Rice,21000,56679,,
Assam,DARRANG,2010,Winter     ,Rice,49360,110863,,
Assam,DARRANG,2011,Autumn     ,Rice,11823,19359,,
Assam,DARRANG,2011,Summer     ,Rice,19394,56669,,
Assam,DARRANG,2011,Winter     ,Rice,48505,105445,,
Assam,DARRANG,2012,Autumn     ,Rice,7620,10527,,
Assam,DARRANG,2012,Summer     ,Rice,19850,70825,,
Assam,DARRANG,2012,Winter     ,Rice,48808,97931,,
Assam,DARRANG,2013,Autumn     ,Rice,3616,4050,,
Assam,DARRANG,2013,Summer     ,Rice,17837,64285,,
Assam,DARRANG,2013,Winter     ,Rice,48236,92981,,
Assam,DARRANG,2014,Autumn     ,Rice,3304,4990,,
Assam,DARRANG,2014,Summer     ,Rice,17356,65241,,
Assam,DARRANG,2014,Winter     ,Rice,48413,102861,,
Assam,DHEMAJI,1997,Autumn     ,Rice,12750,7036,,
Assam,DHEMAJI,1997,Summer     ,Rice,4525,3012,,
Assam,DHEMAJI,1997,Winter     ,Rice,44725,38042,,
Assam,DHEMAJI,1998,Autumn     ,Rice,11900,7700,,
Assam,DHEMAJI,1998,Summer     ,Rice,5891,7526,,
Assam,DHEMAJI,1998,Winter     ,Rice,33282,42704,,
Assam,DHEMAJI,1999,Autumn     ,Rice,14198,12823,,
Assam,DHEMAJI,1999,Summer     ,Rice,6385,4277,,
Assam,DHEMAJI,1999,Winter     ,Rice,51348,78653,,
Assam,DHEMAJI,2000,Autumn     ,Rice,10633,7165,,
Assam,DHEMAJI,2000,Summer     ,Rice,7030,7007,,
Assam,DHEMAJI,2000,Winter     ,Rice,54511,86567,,
Assam,DHEMAJI,2001,Autumn     ,Rice,12135,10022,,
Assam,DHEMAJI,2001,Summer     ,Rice,7572,8705,,
Assam,DHEMAJI,2001,Winter     ,Rice,52550,72117,,
Assam,DHEMAJI,2002,Autumn     ,Rice,12770,9987,,
Assam,DHEMAJI,2002,Summer     ,Rice,7270,6033,,
Assam,DHEMAJI,2002,Winter     ,Rice,50420,60603,,
Assam,DHEMAJI,2003,Autumn     ,Rice,12577,10108,,
Assam,DHEMAJI,2003,Summer     ,Rice,7305,4722,,
Assam,DHEMAJI,2003,Winter     ,Rice,51920,60604,,
Assam,DHEMAJI,2004,Autumn     ,Rice,11500,5762,,
Assam,DHEMAJI,2004,Summer     ,Rice,6282,4792,,
Assam,DHEMAJI,2004,Winter     ,Rice,56610,68235,,
Assam,DHEMAJI,2005,Autumn     ,Rice,11309,5010,,
Assam,DHEMAJI,2005,Summer     ,Rice,3394,2958,,
Assam,DHEMAJI,2005,Winter     ,Rice,67975,82536,,
Assam,DHEMAJI,2006,Autumn     ,Rice,9174,6822,,
Assam,DHEMAJI,2006,Summer     ,Rice,3446,3573,,
Assam,DHEMAJI,2006,Winter     ,Rice,65130,83114,,
Assam,DHEMAJI,2007,Autumn     ,Rice,7944,5711,,
Assam,DHEMAJI,2007,Summer     ,Rice,3195,7243,,
Assam,DHEMAJI,2007,Winter     ,Rice,63270,81220,,
Assam,DHEMAJI,2008,Autumn     ,Rice,7202,4935,,
Assam,DHEMAJI,2008,Summer     ,Rice,1703,2317,,
Assam,DHEMAJI,2008,Winter     ,Rice,63280,67130,,
Assam,DHEMAJI,2009,Autumn     ,Rice,7823,5733,,
Assam,DHEMAJI,2009,Summer     ,Rice,4462,3862,,
Assam,DHEMAJI,2009,Winter     ,Rice,59652,83373,,
Assam,DHEMAJI,2010,Autumn     ,Rice,8915,6964,,
Assam,DHEMAJI,2010,Summer     ,Rice,3150,4446,,
Assam,DHEMAJI,2010,Winter     ,Rice,64892,87301,,
Assam,DHEMAJI,2011,Autumn     ,Rice,9305,7164,,
Assam,DHEMAJI,2011,Summer     ,Rice,2172,3848,,
Assam,DHEMAJI,2011,Winter     ,Rice,67265,96573,,
Assam,DHEMAJI,2012,Autumn     ,Rice,9075,12021,,
Assam,DHEMAJI,2012,Summer     ,Rice,2915,5757,,
Assam,DHEMAJI,2012,Winter     ,Rice,68005,110152,,
Assam,DHEMAJI,2013,Autumn     ,Rice,9630,14723,,
Assam,DHEMAJI,2013,Summer     ,Rice,4420,8883,,
Assam,DHEMAJI,2013,Winter     ,Rice,68300,105539,,
Assam,DHEMAJI,2014,Autumn     ,Rice,9379,12595,,
Assam,DHEMAJI,2014,Summer     ,Rice,8500,12823,,
Assam,DHEMAJI,2014,Winter     ,Rice,67660,106274,,
Assam,DHUBRI,1997,Autumn     ,Rice,62078,25030,,
Assam,DHUBRI,1997,Summer     ,Rice,21085,15466,,
Assam,DHUBRI,1997,Winter     ,Rice,54249,34696,,
Assam,DHUBRI,1998,Autumn     ,Rice,61130,42143,,
Assam,DHUBRI,1998,Summer     ,Rice,32483,61865,,
Assam,DHUBRI,1998,Winter     ,Rice,41378,34890,,
Assam,DHUBRI,1999,Autumn     ,Rice,53533,31885,,
Assam,DHUBRI,1999,Summer     ,Rice,42747,113070,,
Assam,DHUBRI,1999,Winter     ,Rice,55397,75492,,
Assam,DHUBRI,2000,Autumn     ,Rice,34476,20677,,
Assam,DHUBRI,2000,Summer     ,Rice,42849,96283,,
Assam,DHUBRI,2000,Winter     ,Rice,55247,77761,,
Assam,DHUBRI,2001,Autumn     ,Rice,33201,25597,,
Assam,DHUBRI,2001,Summer     ,Rice,47775,119692,,
Assam,DHUBRI,2001,Winter     ,Rice,50035,50854,,
Assam,DHUBRI,2002,Autumn     ,Rice,28160,24945,,
Assam,DHUBRI,2002,Summer     ,Rice,47608,101119,,
Assam,DHUBRI,2002,Winter     ,Rice,53147,73955,,
Assam,DHUBRI,2003,Autumn     ,Rice,25280,18024,,
Assam,DHUBRI,2003,Summer     ,Rice,47908,104444,,
Assam,DHUBRI,2003,Winter     ,Rice,52703,68017,,
Assam,DHUBRI,2004,Autumn     ,Rice,24533,18005,,
Assam,DHUBRI,2004,Summer     ,Rice,47750,102224,,
Assam,DHUBRI,2004,Winter     ,Rice,33680,44188,,
Assam,DHUBRI,2005,Autumn     ,Rice,20905,24361,,
Assam,DHUBRI,2005,Summer     ,Rice,36775,77302,,
Assam,DHUBRI,2005,Winter     ,Rice,35593,44141,,
Assam,DHUBRI,2006,Autumn     ,Rice,18171,8264,,
Assam,DHUBRI,2006,Summer     ,Rice,37514,111806,,
Assam,DHUBRI,2006,Winter     ,Rice,33278,30927,,
Assam,DHUBRI,2007,Autumn     ,Rice,17727,15300,,
Assam,DHUBRI,2007,Summer     ,Rice,38443,110250,,
Assam,DHUBRI,2007,Winter     ,Rice,32955,35146,,
Assam,DHUBRI,2008,Autumn     ,Rice,16741,21135,,
Assam,DHUBRI,2008,Summer     ,Rice,53404,111046,,
Assam,DHUBRI,2008,Winter     ,Rice,29158,38985,,
Assam,DHUBRI,2009,Autumn     ,Rice,13235,7945,,
Assam,DHUBRI,2009,Summer     ,Rice,53822,120411,,
Assam,DHUBRI,2009,Winter     ,Rice,28871,33918,,
Assam,DHUBRI,2010,Autumn     ,Rice,7488,4629,,
Assam,DHUBRI,2010,Summer     ,Rice,54200,172864,,
Assam,DHUBRI,2010,Winter     ,Rice,33097,49607,,
Assam,DHUBRI,2011,Autumn     ,Rice,4380,2710,,
Assam,DHUBRI,2011,Summer     ,Rice,52700,168047,,
Assam,DHUBRI,2011,Winter     ,Rice,35500,54327,,
Assam,DHUBRI,2012,Autumn     ,Rice,4298,2341,,
Assam,DHUBRI,2012,Summer     ,Rice,53050,190523,,
Assam,DHUBRI,2012,Winter     ,Rice,35600,56164,,
Assam,DHUBRI,2013,Autumn     ,Rice,4169,5349,,
Assam,DHUBRI,2013,Summer     ,Rice,47295,167391,,
Assam,DHUBRI,2013,Winter     ,Rice,35140,63545,,
Assam,DHUBRI,2014,Autumn     ,Rice,4075,3852,,
Assam,DHUBRI,2014,Summer     ,Rice,51015,193213,,
Assam,DHUBRI,2014,Winter     ,Rice,30968,39396,,
Assam,DIBRUGARH,1997,Autumn     ,Rice,10448,13674,,
Assam,DIBRUGARH,1997,Summer     ,Rice,314,376,,
Assam,DIBRUGARH,1997,Winter     ,Rice,77456,88908,,
Assam,DIBRUGARH,1998,Autumn     ,Rice,8820,15544,,
Assam,DIBRUGARH,1998,Summer     ,Rice,428,853,,
Assam,DIBRUGARH,1998,Winter     ,Rice,75380,113898,,
Assam,DIBRUGARH,1999,Autumn     ,Rice,7271,12257,,
Assam,DIBRUGARH,1999,Summer     ,Rice,446,990,,
Assam,DIBRUGARH,1999,Winter     ,Rice,77358,121536,,
Assam,DIBRUGARH,2000,Autumn     ,Rice,8990,13676,,
Assam,DIBRUGARH,2000,Summer     ,Rice,438,906,,
Assam,DIBRUGARH,2000,Winter     ,Rice,77733,139429,,
Assam,DIBRUGARH,2001,Autumn     ,Rice,8661,8709,,
Assam,DIBRUGARH,2001,Summer     ,Rice,502,1006,,
Assam,DIBRUGARH,2001,Winter     ,Rice,76890,125269,,
Assam,DIBRUGARH,2002,Autumn     ,Rice,8576,10431,,
Assam,DIBRUGARH,2002,Summer     ,Rice,88,167,,
Assam,DIBRUGARH,2002,Winter     ,Rice,77726,116065,,
Assam,DIBRUGARH,2003,Autumn     ,Rice,5828,7163,,
Assam,DIBRUGARH,2003,Summer     ,Rice,90,161,,
Assam,DIBRUGARH,2003,Winter     ,Rice,77765,142704,,
Assam,DIBRUGARH,2004,Autumn     ,Rice,5828,5907,,
Assam,DIBRUGARH,2004,Summer     ,Rice,70,137,,
Assam,DIBRUGARH,2004,Winter     ,Rice,76902,142103,,
Assam,DIBRUGARH,2005,Autumn     ,Rice,373,437,,
Assam,DIBRUGARH,2005,Summer     ,Rice,185,329,,
Assam,DIBRUGARH,2005,Winter     ,Rice,79228,126425,,
Assam,DIBRUGARH,2006,Autumn     ,Rice,575,745,,
Assam,DIBRUGARH,2006,Summer     ,Rice,54,109,,
Assam,DIBRUGARH,2006,Winter     ,Rice,71300,110192,,
Assam,DIBRUGARH,2007,Autumn     ,Rice,267,187,,
Assam,DIBRUGARH,2007,Summer     ,Rice,17,39,,
Assam,DIBRUGARH,2007,Winter     ,Rice,58562,93506,,
Assam,DIBRUGARH,2008,Autumn     ,Rice,258,203,,
Assam,DIBRUGARH,2008,Summer     ,Rice,18,38,,
Assam,DIBRUGARH,2008,Winter     ,Rice,70268,135106,,
Assam,DIBRUGARH,2009,Autumn     ,Rice,107,93,,
Assam,DIBRUGARH,2009,Summer     ,Rice,75,164,,
Assam,DIBRUGARH,2009,Winter     ,Rice,74832,154678,,
Assam,DIBRUGARH,2010,Autumn     ,Rice,102,118,,
Assam,DIBRUGARH,2010,Summer     ,Rice,136,350,,
Assam,DIBRUGARH,2010,Winter     ,Rice,75859,162490,,
Assam,DIBRUGARH,2011,Autumn     ,Rice,95,116,,
Assam,DIBRUGARH,2011,Summer     ,Rice,310,851,,
Assam,DIBRUGARH,2011,Winter     ,Rice,77004,104292,,
Assam,DIBRUGARH,2012,Autumn     ,Rice,280,363,,
Assam,DIBRUGARH,2012,Summer     ,Rice,415,1230,,
Assam,DIBRUGARH,2012,Winter     ,Rice,76892,159734,,
Assam,DIBRUGARH,2013,Autumn     ,Rice,188,325,,
Assam,DIBRUGARH,2013,Summer     ,Rice,403,1201,,
Assam,DIBRUGARH,2013,Winter     ,Rice,77479,146528,,
Assam,DIBRUGARH,2014,Autumn     ,Rice,333,477,,
Assam,DIBRUGARH,2014,Summer     ,Rice,1256,3693,,
Assam,DIBRUGARH,2014,Winter     ,Rice,73139,124921,,
Assam,DIMA HASAO,1997,Autumn     ,Rice,5984,5393,,
Assam,DIMA HASAO,1997,Summer     ,Rice,52,62,,
Assam,DIMA HASAO,1997,Winter     ,Rice,8117,10606,,
Assam,DIMA HASAO,1998,Autumn     ,Rice,5886,8091,,
Assam,DIMA HASAO,1998,Summer     ,Rice,36,72,,
Assam,DIMA HASAO,1998,Winter     ,Rice,5938,11546,,
Assam,DIMA HASAO,1999,Autumn     ,Rice,5646,6945,,
Assam,DIMA HASAO,1999,Summer     ,Rice,36,80,,
Assam,DIMA HASAO,1999,Winter     ,Rice,8147,15320,,
Assam,DIMA HASAO,2000,Autumn     ,Rice,5772,6345,,
Assam,DIMA HASAO,2000,Summer     ,Rice,34,70,,
Assam,DIMA HASAO,2000,Winter     ,Rice,8139,15601,,
Assam,DIMA HASAO,2001,Autumn     ,Rice,5777,7800,,
Assam,DIMA HASAO,2001,Summer     ,Rice,25,70,,
Assam,DIMA HASAO,2001,Winter     ,Rice,8244,16256,,
Assam,DIMA HASAO,2002,Autumn     ,Rice,6015,8446,,
Assam,DIMA HASAO,2002,Summer     ,Rice,32,61,,
Assam,DIMA HASAO,2002,Winter     ,Rice,8400,15985,,
Assam,DIMA HASAO,2003,Autumn     ,Rice,4898,6131,,
Assam,DIMA HASAO,2003,Summer     ,Rice,27,48,,
Assam,DIMA HASAO,2003,Winter     ,Rice,7900,13245,,
Assam,DIMA HASAO,2004,Autumn     ,Rice,6028,8329,,
Assam,DIMA HASAO,2004,Summer     ,Rice,20,39,,
Assam,DIMA HASAO,2004,Winter     ,Rice,8350,16203,,
Assam,DIMA HASAO,2005,Autumn     ,Rice,6214,8530,,
Assam,DIMA HASAO,2005,Summer     ,Rice,19,34,,
Assam,DIMA HASAO,2005,Winter     ,Rice,8255,15945,,
Assam,DIMA HASAO,2006,Autumn     ,Rice,6219,7679,,
Assam,DIMA HASAO,2006,Summer     ,Rice,14,28,,
Assam,DIMA HASAO,2006,Winter     ,Rice,7755,10847,,
Assam,DIMA HASAO,2007,Autumn     ,Rice,6228,9106,,
Assam,DIMA HASAO,2007,Summer     ,Rice,11,25,,
Assam,DIMA HASAO,2007,Winter     ,Rice,8292,17594,,
Assam,DIMA HASAO,2008,Autumn     ,Rice,6224,8800,,
Assam,DIMA HASAO,2008,Summer     ,Rice,25,53,,
Assam,DIMA HASAO,2008,Winter     ,Rice,8290,16740,,
Assam,DIMA HASAO,2009,Autumn     ,Rice,6441,8947,,
Assam,DIMA HASAO,2009,Summer     ,Rice,17,37,,
Assam,DIMA HASAO,2009,Winter     ,Rice,9520,19887,,
Assam,DIMA HASAO,2010,Autumn     ,Rice,6405,10363,,
Assam,DIMA HASAO,2010,Summer     ,Rice,14,36,,
Assam,DIMA HASAO,2010,Winter     ,Rice,8828,11265,,
Assam,DIMA HASAO,2011,Autumn     ,Rice,6590,8923,,
Assam,DIMA HASAO,2011,Winter     ,Rice,8980,27164,,
Assam,DIMA HASAO,2012,Autumn     ,Rice,6548,11327,,
Assam,DIMA HASAO,2012,Winter     ,Rice,9645,25631,,
Assam,DIMA HASAO,2013,Autumn     ,Rice,6670,11477,,
Assam,DIMA HASAO,2013,Summer     ,Rice,28,83,,
Assam,DIMA HASAO,2013,Winter     ,Rice,9125,20277,,
Assam,DIMA HASAO,2014,Autumn     ,Rice,5607,10300,,
Assam,DIMA HASAO,2014,Winter     ,Rice,9093,24211,,
Assam,GOALPARA,1997,Autumn     ,Rice,22550,17189,,
Assam,GOALPARA,1997,Summer     ,Rice,7416,9225,,
Assam,GOALPARA,1997,Winter     ,Rice,41750,32789,,
Assam,GOALPARA,1998,Autumn     ,Rice,18194,19174,,
Assam,GOALPARA,1998,Summer     ,Rice,11000,26543,,
Assam,GOALPARA,1998,Winter     ,Rice,38285,45857,,
Assam,GOALPARA,1999,Autumn     ,Rice,18042,23239,,
Assam,GOALPARA,1999,Summer     ,Rice,12000,29412,,
Assam,GOALPARA,1999,Winter     ,Rice,41124,54644,,
Assam,GOALPARA,2000,Autumn     ,Rice,17000,20040,,
Assam,GOALPARA,2000,Summer     ,Rice,12600,30505,,
Assam,GOALPARA,2000,Winter     ,Rice,40612,64925,,
Assam,GOALPARA,2001,Autumn     ,Rice,16692,19234,,
Assam,GOALPARA,2001,Summer     ,Rice,12600,26586,,
Assam,GOALPARA,2001,Winter     ,Rice,44000,74285,,
Assam,GOALPARA,2002,Autumn     ,Rice,15766,17221,,
Assam,GOALPARA,2002,Summer     ,Rice,12700,31077,,
Assam,GOALPARA,2002,Winter     ,Rice,43850,72390,,
Assam,GOALPARA,2003,Autumn     ,Rice,15567,16436,,
Assam,GOALPARA,2003,Summer     ,Rice,12855,30518,,
Assam,GOALPARA,2003,Winter     ,Rice,44213,56484,,
Assam,GOALPARA,2004,Autumn     ,Rice,15560,14578,,
Assam,GOALPARA,2004,Summer     ,Rice,16320,37813,,
Assam,GOALPARA,2004,Winter     ,Rice,39497,53533,,
Assam,GOALPARA,2005,Autumn     ,Rice,15714,17937,,
Assam,GOALPARA,2005,Summer     ,Rice,15714,33927,,
Assam,GOALPARA,2005,Winter     ,Rice,46268,66766,,
Assam,GOALPARA,2006,Autumn     ,Rice,15213,15165,,
Assam,GOALPARA,2006,Summer     ,Rice,17500,39900,,
Assam,GOALPARA,2006,Winter     ,Rice,39500,45678,,
Assam,GOALPARA,2007,Autumn     ,Rice,15250,16777,,
Assam,GOALPARA,2007,Summer     ,Rice,18100,52019,,
Assam,GOALPARA,2007,Winter     ,Rice,45050,56089,,
Assam,GOALPARA,2008,Autumn     ,Rice,15800,20569,,
Assam,GOALPARA,2008,Summer     ,Rice,19500,53742,,
Assam,GOALPARA,2008,Winter     ,Rice,48010,75333,,
Assam,GOALPARA,2009,Autumn     ,Rice,12231,13356,,
Assam,GOALPARA,2009,Summer     ,Rice,22350,45371,,
Assam,GOALPARA,2009,Winter     ,Rice,47127,81577,,
Assam,GOALPARA,2010,Autumn     ,Rice,10448,12715,,
Assam,GOALPARA,2010,Summer     ,Rice,24524,68446,,
Assam,GOALPARA,2010,Winter     ,Rice,48167,115697,,
Assam,GOALPARA,2011,Autumn     ,Rice,8690,10501,,
Assam,GOALPARA,2011,Summer     ,Rice,19000,59394,,
Assam,GOALPARA,2011,Winter     ,Rice,49000,74569,,
Assam,GOALPARA,2012,Autumn     ,Rice,8410,11552,,
Assam,GOALPARA,2012,Summer     ,Rice,25000,79375,,
Assam,GOALPARA,2012,Winter     ,Rice,49200,93968,,
Assam,GOALPARA,2013,Autumn     ,Rice,8624,9625,,
Assam,GOALPARA,2013,Summer     ,Rice,25290,82243,,
Assam,GOALPARA,2013,Winter     ,Rice,49245,116414,,
Assam,GOALPARA,2014,Autumn     ,Rice,8062,7552,,
Assam,GOALPARA,2014,Summer     ,Rice,25434,81058,,
Assam,GOALPARA,2014,Winter     ,Rice,50772,105221,,
Assam,GOLAGHAT,1997,Autumn     ,Rice,4427,3110,,
Assam,GOLAGHAT,1997,Summer     ,Rice,103,89,,
Assam,GOLAGHAT,1997,Winter     ,Rice,77675,100960,,
Assam,GOLAGHAT,1998,Autumn     ,Rice,6297,8565,,
Assam,GOLAGHAT,1998,Summer     ,Rice,346,689,,
Assam,GOLAGHAT,1998,Winter     ,Rice,75681,135873,,
Assam,GOLAGHAT,1999,Autumn     ,Rice,6595,7653,,
Assam,GOLAGHAT,1999,Summer     ,Rice,1778,3945,,
Assam,GOLAGHAT,1999,Winter     ,Rice,76815,143633,,
Assam,GOLAGHAT,2000,Autumn     ,Rice,7633,10656,,
Assam,GOLAGHAT,2000,Summer     ,Rice,3280,6783,,
Assam,GOLAGHAT,2000,Winter     ,Rice,79371,158994,,
Assam,GOLAGHAT,2001,Autumn     ,Rice,7184,10286,,
Assam,GOLAGHAT,2001,Summer     ,Rice,3235,6482,,
Assam,GOLAGHAT,2001,Winter     ,Rice,72975,150900,,
Assam,GOLAGHAT,2002,Autumn     ,Rice,5016,7114,,
Assam,GOLAGHAT,2002,Summer     ,Rice,3272,7369,,
Assam,GOLAGHAT,2002,Winter     ,Rice,77330,160604,,
Assam,GOLAGHAT,2003,Autumn     ,Rice,4820,8791,,
Assam,GOLAGHAT,2003,Summer     ,Rice,3325,6340,,
Assam,GOLAGHAT,2003,Winter     ,Rice,77851,168733,,
Assam,GOLAGHAT,2004,Autumn     ,Rice,4855,5378,,
Assam,GOLAGHAT,2004,Summer     ,Rice,3680,7498,,
Assam,GOLAGHAT,2004,Winter     ,Rice,74870,154482,,
Assam,GOLAGHAT,2005,Autumn     ,Rice,2433,4349,,
Assam,GOLAGHAT,2005,Summer     ,Rice,3645,7814,,
Assam,GOLAGHAT,2005,Winter     ,Rice,74250,143902,,
Assam,GOLAGHAT,2006,Autumn     ,Rice,3947,6207,,
Assam,GOLAGHAT,2006,Summer     ,Rice,3802,7678,,
Assam,GOLAGHAT,2006,Winter     ,Rice,55037,86986,,
Assam,GOLAGHAT,2007,Autumn     ,Rice,2295,4131,,
Assam,GOLAGHAT,2007,Summer     ,Rice,3510,6848,,
Assam,GOLAGHAT,2007,Winter     ,Rice,73464,140343,,
Assam,GOLAGHAT,2008,Autumn     ,Rice,1480,2620,,
Assam,GOLAGHAT,2008,Summer     ,Rice,3560,5973,,
Assam,GOLAGHAT,2008,Winter     ,Rice,75000,147716,,
Assam,GOLAGHAT,2009,Autumn     ,Rice,2015,2651,,
Assam,GOLAGHAT,2009,Summer     ,Rice,4832,10165,,
Assam,GOLAGHAT,2009,Winter     ,Rice,99859,209105,,
Assam,GOLAGHAT,2010,Autumn     ,Rice,2430,4750,,
Assam,GOLAGHAT,2010,Summer     ,Rice,3625,7156,,
Assam,GOLAGHAT,2010,Winter     ,Rice,103460,234365,,
Assam,GOLAGHAT,2011,Autumn     ,Rice,2489,4779,,
Assam,GOLAGHAT,2011,Summer     ,Rice,4555,11564,,
Assam,GOLAGHAT,2011,Winter     ,Rice,100991,214747,,
Assam,GOLAGHAT,2012,Autumn     ,Rice,1971,2460,,
Assam,GOLAGHAT,2012,Summer     ,Rice,4435,11552,,
Assam,GOLAGHAT,2012,Winter     ,Rice,117523,276307,,
Assam,GOLAGHAT,2013,Autumn     ,Rice,1915,4432,,
Assam,GOLAGHAT,2013,Summer     ,Rice,4838,11716,,
Assam,GOLAGHAT,2013,Winter     ,Rice,117398,278929,,
Assam,GOLAGHAT,2014,Autumn     ,Rice,1798,3411,,
Assam,GOLAGHAT,2014,Summer     ,Rice,7663,16840,,
Assam,GOLAGHAT,2014,Winter     ,Rice,114163,256004,,
Assam,HAILAKANDI,1997,Autumn     ,Rice,6500,8907,,
Assam,HAILAKANDI,1997,Summer     ,Rice,750,866,,
Assam,HAILAKANDI,1997,Winter     ,Rice,35500,35504,,
Assam,HAILAKANDI,1998,Autumn     ,Rice,5000,9663,,
Assam,HAILAKANDI,1998,Summer     ,Rice,900,1251,,
Assam,HAILAKANDI,1998,Winter     ,Rice,36500,54613,,
Assam,HAILAKANDI,1999,Autumn     ,Rice,6000,11105,,
Assam,HAILAKANDI,1999,Summer     ,Rice,1500,1952,,
Assam,HAILAKANDI,1999,Winter     ,Rice,37500,54299,,
Assam,HAILAKANDI,2000,Autumn     ,Rice,6500,14212,,
Assam,HAILAKANDI,2000,Summer     ,Rice,3000,4866,,
Assam,HAILAKANDI,2000,Winter     ,Rice,35000,60607,,
Assam,HAILAKANDI,2001,Autumn     ,Rice,6500,13470,,
Assam,HAILAKANDI,2001,Summer     ,Rice,2000,2624,,
Assam,HAILAKANDI,2001,Winter     ,Rice,39000,77291,,
Assam,HAILAKANDI,2002,Autumn     ,Rice,6500,12875,,
Assam,HAILAKANDI,2002,Summer     ,Rice,2000,3570,,
Assam,HAILAKANDI,2002,Winter     ,Rice,38500,82103,,
Assam,HAILAKANDI,2003,Autumn     ,Rice,6000,10745,,
Assam,HAILAKANDI,2003,Summer     ,Rice,2100,0,,
Assam,HAILAKANDI,2003,Winter     ,Rice,39000,91082,,
Assam,HAILAKANDI,2004,Autumn     ,Rice,6000,9635,,
Assam,HAILAKANDI,2004,Summer     ,Rice,2010,3938,,
Assam,HAILAKANDI,2004,Winter     ,Rice,38500,83658,,
Assam,HAILAKANDI,2005,Autumn     ,Rice,6000,12457,,
Assam,HAILAKANDI,2005,Summer     ,Rice,1800,3204,,
Assam,HAILAKANDI,2005,Winter     ,Rice,39000,75562,,
Assam,HAILAKANDI,2006,Autumn     ,Rice,2200,4168,,
Assam,HAILAKANDI,2006,Summer     ,Rice,1350,2723,,
Assam,HAILAKANDI,2006,Winter     ,Rice,39000,76523,,
Assam,HAILAKANDI,2007,Autumn     ,Rice,6010,10823,,
Assam,HAILAKANDI,2007,Summer     ,Rice,3500,6458,,
Assam,HAILAKANDI,2007,Winter     ,Rice,37650,75097,,
Assam,HAILAKANDI,2008,Autumn     ,Rice,5806,11100,,
Assam,HAILAKANDI,2008,Summer     ,Rice,3900,7952,,
Assam,HAILAKANDI,2008,Winter     ,Rice,40150,96576,,
Assam,HAILAKANDI,2009,Autumn     ,Rice,5619,12351,,
Assam,HAILAKANDI,2009,Summer     ,Rice,2916,6357,,
Assam,HAILAKANDI,2009,Winter     ,Rice,38474,98301,,
Assam,HAILAKANDI,2010,Autumn     ,Rice,6012,12776,,
Assam,HAILAKANDI,2010,Summer     ,Rice,4050,7574,,
Assam,HAILAKANDI,2010,Winter     ,Rice,38011,88109,,
Assam,HAILAKANDI,2011,Autumn     ,Rice,5800,13264,,
Assam,HAILAKANDI,2011,Summer     ,Rice,3450,8684,,
Assam,HAILAKANDI,2011,Winter     ,Rice,41350,90257,,
Assam,HAILAKANDI,2012,Autumn     ,Rice,3500,6940,,
Assam,HAILAKANDI,2012,Winter     ,Rice,42100,104709,,
Assam,HAILAKANDI,2013,Autumn     ,Rice,3090,3287,,
Assam,HAILAKANDI,2013,Summer     ,Rice,2035,3596,,
Assam,HAILAKANDI,2013,Winter     ,Rice,41550,106983,,
Assam,HAILAKANDI,2014,Autumn     ,Rice,1973,5173,,
Assam,HAILAKANDI,2014,Summer     ,Rice,2120,3744,,
Assam,HAILAKANDI,2014,Winter     ,Rice,41250,117383,,
Assam,JORHAT,1997,Autumn     ,Rice,5370,4670,,
Assam,JORHAT,1997,Summer     ,Rice,9560,11452,,
Assam,JORHAT,1997,Winter     ,Rice,84250,85639,,
Assam,JORHAT,1998,Autumn     ,Rice,5100,5570,,
Assam,JORHAT,1998,Summer     ,Rice,4195,7623,,
Assam,JORHAT,1998,Winter     ,Rice,72235,124990,,
Assam,JORHAT,1999,Autumn     ,Rice,13709,11854,,
Assam,JORHAT,1999,Summer     ,Rice,9430,20229,,
Assam,JORHAT,1999,Winter     ,Rice,87876,161627,,
Assam,JORHAT,2000,Autumn     ,Rice,6540,6712,,
Assam,JORHAT,2000,Summer     ,Rice,1203,1798,,
Assam,JORHAT,2000,Winter     ,Rice,84000,156115,,
Assam,JORHAT,2001,Autumn     ,Rice,8312,7157,,
Assam,JORHAT,2001,Summer     ,Rice,765,1360,,
Assam,JORHAT,2001,Winter     ,Rice,89852,159611,,
Assam,JORHAT,2002,Autumn     ,Rice,4774,3002,,
Assam,JORHAT,2002,Summer     ,Rice,376,664,,
Assam,JORHAT,2002,Winter     ,Rice,72700,118514,,
Assam,JORHAT,2003,Autumn     ,Rice,3723,2812,,
Assam,JORHAT,2003,Summer     ,Rice,566,1015,,
Assam,JORHAT,2003,Winter     ,Rice,80909,139740,,
Assam,JORHAT,2004,Autumn     ,Rice,3512,2225,,
Assam,JORHAT,2004,Summer     ,Rice,474,712,,
Assam,JORHAT,2004,Winter     ,Rice,77555,131732,,
Assam,JORHAT,2005,Autumn     ,Rice,4775,3786,,
Assam,JORHAT,2005,Summer     ,Rice,6894,5140,,
Assam,JORHAT,2005,Winter     ,Rice,76530,131911,,
Assam,JORHAT,2006,Autumn     ,Rice,4228,2557,,
Assam,JORHAT,2006,Summer     ,Rice,767,1277,,
Assam,JORHAT,2006,Winter     ,Rice,70121,82755,,
Assam,JORHAT,2007,Autumn     ,Rice,4520,4281,,
Assam,JORHAT,2007,Summer     ,Rice,745,1370,,
Assam,JORHAT,2007,Winter     ,Rice,81319,110464,,
Assam,JORHAT,2008,Autumn     ,Rice,6175,5561,,
Assam,JORHAT,2008,Summer     ,Rice,349,369,,
Assam,JORHAT,2008,Winter     ,Rice,80328,131090,,
Assam,JORHAT,2009,Autumn     ,Rice,5443,6369,,
Assam,JORHAT,2009,Summer     ,Rice,3930,4290,,
Assam,JORHAT,2009,Winter     ,Rice,87672,177520,,
Assam,JORHAT,2010,Autumn     ,Rice,3353,3205,,
Assam,JORHAT,2010,Summer     ,Rice,3864,3597,,
Assam,JORHAT,2010,Winter     ,Rice,85597,175077,,
Assam,JORHAT,2011,Autumn     ,Rice,3083,2195,,
Assam,JORHAT,2011,Summer     ,Rice,4035,4968,,
Assam,JORHAT,2011,Winter     ,Rice,85627,160882,,
Assam,JORHAT,2012,Autumn     ,Rice,3272,2652,,
Assam,JORHAT,2012,Summer     ,Rice,4953,7657,,
Assam,JORHAT,2012,Winter     ,Rice,72092,165955,,
Assam,JORHAT,2013,Autumn     ,Rice,3267,3282,,
Assam,JORHAT,2013,Summer     ,Rice,4663,7233,,
Assam,JORHAT,2013,Winter     ,Rice,86181,178210,,
Assam,JORHAT,2014,Autumn     ,Rice,3396,4569,,
Assam,JORHAT,2014,Summer     ,Rice,4632,7242,,
Assam,JORHAT,2014,Winter     ,Rice,83865,164739,,
Assam,KAMRUP,1997,Autumn     ,Rice,52303,38310,,
Assam,KAMRUP,1997,Summer     ,Rice,20849,27883,,
Assam,KAMRUP,1997,Winter     ,Rice,104645,108106,,
Assam,KAMRUP,1998,Autumn     ,Rice,47321,42284,,
Assam,KAMRUP,1998,Summer     ,Rice,21860,43305,,
Assam,KAMRUP,1998,Winter     ,Rice,104737,139738,,
Assam,KAMRUP,1999,Autumn     ,Rice,34903,41783,,
Assam,KAMRUP,1999,Summer     ,Rice,31307,51066,,
Assam,KAMRUP,1999,Winter     ,Rice,103004,147321,,
Assam,KAMRUP,2000,Autumn     ,Rice,31958,39817,,
Assam,KAMRUP,2000,Summer     ,Rice,44053,88127,,
Assam,KAMRUP,2000,Winter     ,Rice,102850,141287,,
Assam,KAMRUP,2001,Autumn     ,Rice,28748,28186,,
Assam,KAMRUP,2001,Summer     ,Rice,44836,97006,,
Assam,KAMRUP,2001,Winter     ,Rice,98378,139064,,
Assam,KAMRUP,2002,Autumn     ,Rice,28235,26504,,
Assam,KAMRUP,2002,Summer     ,Rice,44981,75907,,
Assam,KAMRUP,2002,Winter     ,Rice,95669,142919,,
Assam,KAMRUP,2003,Autumn     ,Rice,28029,30147,,
Assam,KAMRUP,2003,Summer     ,Rice,39805,79105,,
Assam,KAMRUP,2003,Winter     ,Rice,97142,147425,,
Assam,KAMRUP,2004,Autumn     ,Rice,28014,11482,,
Assam,KAMRUP,2004,Summer     ,Rice,24210,63293,,
Assam,KAMRUP,2004,Winter     ,Rice,93947,146500,,
Assam,KAMRUP,2005,Autumn     ,Rice,12256,15507,,
Assam,KAMRUP,2005,Summer     ,Rice,32020,64501,,
Assam,KAMRUP,2005,Winter     ,Rice,80078,131306,,
Assam,KAMRUP,2006,Autumn     ,Rice,16532,14828,,
Assam,KAMRUP,2006,Summer     ,Rice,29985,66485,,
Assam,KAMRUP,2006,Winter     ,Rice,43658,56663,,
Assam,KAMRUP,2007,Autumn     ,Rice,14686,16767,,
Assam,KAMRUP,2007,Summer     ,Rice,34128,97160,,
Assam,KAMRUP,2007,Winter     ,Rice,69425,104504,,
Assam,KAMRUP,2008,Autumn     ,Rice,14055,17151,,
Assam,KAMRUP,2008,Summer     ,Rice,35868,92515,,
Assam,KAMRUP,2008,Winter     ,Rice,72315,118305,,
Assam,KAMRUP,2009,Autumn     ,Rice,13757,11950,,
Assam,KAMRUP,2009,Summer     ,Rice,34853,88386,,
Assam,KAMRUP,2009,Winter     ,Rice,69798,127917,,
Assam,KAMRUP,2010,Autumn     ,Rice,14012,23004,,
Assam,KAMRUP,2010,Summer     ,Rice,35022,96010,,
Assam,KAMRUP,2010,Winter     ,Rice,69839,161411,,
Assam,KAMRUP,2011,Autumn     ,Rice,13835,18773,,
Assam,KAMRUP,2011,Summer     ,Rice,34899,93425,,
Assam,KAMRUP,2011,Winter     ,Rice,73996,123666,,
Assam,KAMRUP,2012,Autumn     ,Rice,13284,10189,,
Assam,KAMRUP,2012,Summer     ,Rice,36866,85371,,
Assam,KAMRUP,2012,Winter     ,Rice,66688,142467,,
Assam,KAMRUP,2013,Autumn     ,Rice,13511,15175,,
Assam,KAMRUP,2013,Summer     ,Rice,36808,107079,,
Assam,KAMRUP,2013,Winter     ,Rice,71020,152006,,
Assam,KAMRUP,2014,Autumn     ,Rice,9246,13988,,
Assam,KAMRUP,2014,Summer     ,Rice,36661,106170,,
Assam,KAMRUP,2014,Winter     ,Rice,67720,140739,,
Assam,KAMRUP METRO,2005,Autumn     ,Rice,1121,1450,,
Assam,KAMRUP METRO,2005,Summer     ,Rice,7063,14486,,
Assam,KAMRUP METRO,2005,Winter     ,Rice,10982,18335,,
Assam,KAMRUP METRO,2006,Autumn     ,Rice,1421,1257,,
Assam,KAMRUP METRO,2006,Summer     ,Rice,7667,17580,,
Assam,KAMRUP METRO,2006,Winter     ,Rice,14195,18372,,
Assam,KAMRUP METRO,2007,Autumn     ,Rice,1984,3510,,
Assam,KAMRUP METRO,2007,Summer     ,Rice,7890,17618,,
Assam,KAMRUP METRO,2007,Winter     ,Rice,15281,25047,,
Assam,KAMRUP METRO,2008,Autumn     ,Rice,1250,823,,
Assam,KAMRUP METRO,2008,Summer     ,Rice,7960,15880,,
Assam,KAMRUP METRO,2008,Winter     ,Rice,20255,35593,,
Assam,KAMRUP METRO,2009,Autumn     ,Rice,1132,1013,,
Assam,KAMRUP METRO,2009,Summer     ,Rice,7960,16660,,
Assam,KAMRUP METRO,2009,Winter     ,Rice,18715,38478,,
Assam,KAMRUP METRO,2010,Autumn     ,Rice,1120,2212,,
Assam,KAMRUP METRO,2010,Summer     ,Rice,8020,19833,,
Assam,KAMRUP METRO,2010,Winter     ,Rice,20193,48564,,
Assam,KAMRUP METRO,2011,Autumn     ,Rice,1211,1480,,
Assam,KAMRUP METRO,2011,Summer     ,Rice,8050,23417,,
Assam,KAMRUP METRO,2011,Winter     ,Rice,20500,40122,,
Assam,KAMRUP METRO,2012,Autumn     ,Rice,1200,1169,,
Assam,KAMRUP METRO,2012,Summer     ,Rice,8040,19095,,
Assam,KAMRUP METRO,2012,Winter     ,Rice,20348,48404,,
Assam,KAMRUP METRO,2013,Autumn     ,Rice,895,1181,,
Assam,KAMRUP METRO,2013,Summer     ,Rice,7990,23626,,
Assam,KAMRUP METRO,2013,Winter     ,Rice,20343,44745,,
Assam,KAMRUP METRO,2014,Autumn     ,Rice,845,1208,,
Assam,KAMRUP METRO,2014,Summer     ,Rice,7967,23766,,
Assam,KAMRUP METRO,2014,Winter     ,Rice,20398,39782,,
Assam,KARBI ANGLONG,1997,Autumn     ,Rice,10354,7833,,
Assam,KARBI ANGLONG,1997,Summer     ,Rice,160,192,,
Assam,KARBI ANGLONG,1997,Winter     ,Rice,110191,110704,,
Assam,KARBI ANGLONG,1998,Autumn     ,Rice,11471,13492,,
Assam,KARBI ANGLONG,1998,Summer     ,Rice,1319,1515,,
Assam,KARBI ANGLONG,1998,Winter     ,Rice,99094,139145,,
Assam,KARBI ANGLONG,1999,Autumn     ,Rice,11471,13905,,
Assam,KARBI ANGLONG,1999,Summer     ,Rice,1481,3286,,
Assam,KARBI ANGLONG,1999,Winter     ,Rice,101518,153253,,
Assam,KARBI ANGLONG,2000,Autumn     ,Rice,11498,12962,,
Assam,KARBI ANGLONG,2000,Summer     ,Rice,1559,1713,,
Assam,KARBI ANGLONG,2000,Winter     ,Rice,112691,168993,,
Assam,KARBI ANGLONG,2001,Autumn     ,Rice,11507,11107,,
Assam,KARBI ANGLONG,2001,Summer     ,Rice,1580,2048,,
Assam,KARBI ANGLONG,2001,Winter     ,Rice,111755,162309,,
Assam,KARBI ANGLONG,2002,Autumn     ,Rice,11542,13203,,
Assam,KARBI ANGLONG,2002,Summer     ,Rice,1747,2361,,
Assam,KARBI ANGLONG,2002,Winter     ,Rice,112663,172850,,
Assam,KARBI ANGLONG,2003,Autumn     ,Rice,10451,12052,,
Assam,KARBI ANGLONG,2003,Summer     ,Rice,1764,2049,,
Assam,KARBI ANGLONG,2003,Winter     ,Rice,119704,167676,,
Assam,KARBI ANGLONG,2004,Autumn     ,Rice,10477,10152,,
Assam,KARBI ANGLONG,2004,Summer     ,Rice,1824,2135,,
Assam,KARBI ANGLONG,2004,Winter     ,Rice,116951,171521,,
Assam,KARBI ANGLONG,2005,Autumn     ,Rice,10498,12339,,
Assam,KARBI ANGLONG,2005,Summer     ,Rice,1780,2021,,
Assam,KARBI ANGLONG,2005,Winter     ,Rice,114930,170915,,
Assam,KARBI ANGLONG,2006,Autumn     ,Rice,10498,13150,,
Assam,KARBI ANGLONG,2006,Summer     ,Rice,1709,1985,,
Assam,KARBI ANGLONG,2006,Winter     ,Rice,111966,164323,,
Assam,KARBI ANGLONG,2007,Autumn     ,Rice,10465,13524,,
Assam,KARBI ANGLONG,2007,Summer     ,Rice,1648,2186,,
Assam,KARBI ANGLONG,2007,Winter     ,Rice,110593,174753,,
Assam,KARBI ANGLONG,2008,Autumn     ,Rice,10465,13415,,
Assam,KARBI ANGLONG,2008,Summer     ,Rice,2057,2390,,
Assam,KARBI ANGLONG,2008,Winter     ,Rice,113375,173493,,
Assam,KARBI ANGLONG,2009,Autumn     ,Rice,10891,14104,,
Assam,KARBI ANGLONG,2009,Summer     ,Rice,2083,3011,,
Assam,KARBI ANGLONG,2009,Winter     ,Rice,111539,232902,,
Assam,KARBI ANGLONG,2010,Autumn     ,Rice,10991,15825,,
Assam,KARBI ANGLONG,2010,Summer     ,Rice,2058,5304,,
Assam,KARBI ANGLONG,2010,Winter     ,Rice,113051,216219,,
Assam,KARBI ANGLONG,2011,Autumn     ,Rice,10876,14964,,
Assam,KARBI ANGLONG,2011,Summer     ,Rice,2237,3768,,
Assam,KARBI ANGLONG,2011,Winter     ,Rice,108452,155670,,
Assam,KARBI ANGLONG,2012,Autumn     ,Rice,9170,12544,,
Assam,KARBI ANGLONG,2012,Summer     ,Rice,1572,4661,,
Assam,KARBI ANGLONG,2012,Winter     ,Rice,117679,181966,,
Assam,KARBI ANGLONG,2013,Autumn     ,Rice,9103,12411,,
Assam,KARBI ANGLONG,2013,Summer     ,Rice,2256,4257,,
Assam,KARBI ANGLONG,2013,Winter     ,Rice,118841,203249,,
Assam,KARBI ANGLONG,2014,Autumn     ,Rice,6829,9986,,
Assam,KARBI ANGLONG,2014,Summer     ,Rice,2334,3981,,
Assam,KARBI ANGLONG,2014,Winter     ,Rice,118833,204222,,
Assam,KARIMGANJ,1997,Autumn     ,Rice,7332,8936,,
Assam,KARIMGANJ,1997,Summer     ,Rice,4552,2983,,
Assam,KARIMGANJ,1997,Winter     ,Rice,61520,71060,,
Assam,KARIMGANJ,1998,Autumn     ,Rice,7400,7646,,
Assam,KARIMGANJ,1998,Summer     ,Rice,3623,3811,,
Assam,KARIMGANJ,1998,Winter     ,Rice,63930,106421,,
Assam,KARIMGANJ,1999,Autumn     ,Rice,5600,10546,,
Assam,KARIMGANJ,1999,Summer     ,Rice,5000,6155,,
Assam,KARIMGANJ,1999,Winter     ,Rice,63400,107038,,
Assam,KARIMGANJ,2000,Autumn     ,Rice,7000,13411,,
Assam,KARIMGANJ,2000,Summer     ,Rice,5200,8960,,
Assam,KARIMGANJ,2000,Winter     ,Rice,55600,122895,,
Assam,KARIMGANJ,2001,Autumn     ,Rice,6000,10804,,
Assam,KARIMGANJ,2001,Summer     ,Rice,3191,5667,,
Assam,KARIMGANJ,2001,Winter     ,Rice,63500,145362,,
Assam,KARIMGANJ,2002,Autumn     ,Rice,7597,14389,,
Assam,KARIMGANJ,2002,Summer     ,Rice,6100,12670,,
Assam,KARIMGANJ,2002,Winter     ,Rice,63958,141811,,
Assam,KARIMGANJ,2003,Autumn     ,Rice,4000,7360,,
Assam,KARIMGANJ,2003,Summer     ,Rice,4500,1224,,
Assam,KARIMGANJ,2003,Winter     ,Rice,63900,128905,,
Assam,KARIMGANJ,2004,Autumn     ,Rice,6500,6230,,
Assam,KARIMGANJ,2004,Summer     ,Rice,6200,9368,,
Assam,KARIMGANJ,2004,Winter     ,Rice,61309,121010,,
Assam,KARIMGANJ,2005,Autumn     ,Rice,6500,11474,,
Assam,KARIMGANJ,2005,Summer     ,Rice,4750,7686,,
Assam,KARIMGANJ,2005,Winter     ,Rice,64100,101338,,
Assam,KARIMGANJ,2006,Autumn     ,Rice,5800,8971,,
Assam,KARIMGANJ,2006,Summer     ,Rice,4826,7804,,
Assam,KARIMGANJ,2006,Winter     ,Rice,63500,126660,,
Assam,KARIMGANJ,2007,Autumn     ,Rice,5900,8657,,
Assam,KARIMGANJ,2007,Summer     ,Rice,5306,10973,,
Assam,KARIMGANJ,2007,Winter     ,Rice,65225,98940,,
Assam,KARIMGANJ,2008,Autumn     ,Rice,5243,8683,,
Assam,KARIMGANJ,2008,Summer     ,Rice,5768,9817,,
Assam,KARIMGANJ,2008,Winter     ,Rice,65300,162218,,
Assam,KARIMGANJ,2009,Autumn     ,Rice,5064,8700,,
Assam,KARIMGANJ,2009,Summer     ,Rice,5968,6147,,
Assam,KARIMGANJ,2009,Winter     ,Rice,64633,161518,,
Assam,KARIMGANJ,2010,Autumn     ,Rice,4451,7580,,
Assam,KARIMGANJ,2010,Summer     ,Rice,5980,12175,,
Assam,KARIMGANJ,2010,Winter     ,Rice,63143,130832,,
Assam,KARIMGANJ,2011,Autumn     ,Rice,2240,4223,,
Assam,KARIMGANJ,2011,Summer     ,Rice,6578,12544,,
Assam,KARIMGANJ,2011,Winter     ,Rice,65617,182975,,
Assam,KARIMGANJ,2012,Autumn     ,Rice,2260,4148,,
Assam,KARIMGANJ,2012,Summer     ,Rice,6650,12874,,
Assam,KARIMGANJ,2012,Winter     ,Rice,69735,136279,,
Assam,KARIMGANJ,2013,Autumn     ,Rice,1255,1576,,
Assam,KARIMGANJ,2013,Summer     ,Rice,6850,13501,,
Assam,KARIMGANJ,2013,Winter     ,Rice,69394,138893,,
Assam,KARIMGANJ,2014,Autumn     ,Rice,982,1616,,
Assam,KARIMGANJ,2014,Summer     ,Rice,6895,11087,,
Assam,KARIMGANJ,2014,Winter     ,Rice,69525,130527,,
Assam,KOKRAJHAR,1997,Autumn     ,Rice,31005,16292,,
Assam,KOKRAJHAR,1997,Summer     ,Rice,3730,3120,,
Assam,KOKRAJHAR,1997,Winter     ,Rice,57430,44832,,
Assam,KOKRAJHAR,1998,Autumn     ,Rice,31872,28510,,
Assam,KOKRAJHAR,1998,Summer     ,Rice,3192,3414,,
Assam,KOKRAJHAR,1998,Winter     ,Rice,60226,66081,,
Assam,KOKRAJHAR,1999,Autumn     ,Rice,32802,22398,,
Assam,KOKRAJHAR,1999,Summer     ,Rice,6500,16962,,
Assam,KOKRAJHAR,1999,Winter     ,Rice,60314,71134,,
Assam,KOKRAJHAR,2000,Autumn     ,Rice,29790,24281,,
Assam,KOKRAJHAR,2000,Summer     ,Rice,7094,14680,,
Assam,KOKRAJHAR,2000,Winter     ,Rice,59105,70645,,
Assam,KOKRAJHAR,2001,Autumn     ,Rice,27526,22681,,
Assam,KOKRAJHAR,2001,Summer     ,Rice,7200,11467,,
Assam,KOKRAJHAR,2001,Winter     ,Rice,56296,64595,,
Assam,KOKRAJHAR,2002,Autumn     ,Rice,26827,29067,,
Assam,KOKRAJHAR,2002,Summer     ,Rice,7800,15814,,
Assam,KOKRAJHAR,2002,Winter     ,Rice,57350,77089,,
Assam,KOKRAJHAR,2003,Autumn     ,Rice,27658,24235,,
Assam,KOKRAJHAR,2003,Summer     ,Rice,8000,13866,,
Assam,KOKRAJHAR,2003,Winter     ,Rice,59700,81227,,
Assam,KOKRAJHAR,2004,Autumn     ,Rice,26393,22415,,
Assam,KOKRAJHAR,2004,Summer     ,Rice,8110,15955,,
Assam,KOKRAJHAR,2004,Winter     ,Rice,54496,69621,,
Assam,KOKRAJHAR,2005,Autumn     ,Rice,26303,20301,,
Assam,KOKRAJHAR,2005,Summer     ,Rice,18588,35101,,
Assam,KOKRAJHAR,2005,Winter     ,Rice,64917,75161,,
Assam,KOKRAJHAR,2006,Autumn     ,Rice,28316,26479,,
Assam,KOKRAJHAR,2006,Summer     ,Rice,18920,24574,,
Assam,KOKRAJHAR,2006,Winter     ,Rice,50971,61633,,
Assam,KOKRAJHAR,2007,Autumn     ,Rice,28744,24649,,
Assam,KOKRAJHAR,2007,Summer     ,Rice,19313,33543,,
Assam,KOKRAJHAR,2007,Winter     ,Rice,60422,72843,,
Assam,KOKRAJHAR,2008,Autumn     ,Rice,28265,23163,,
Assam,KOKRAJHAR,2008,Summer     ,Rice,10551,25008,,
Assam,KOKRAJHAR,2008,Winter     ,Rice,54989,63960,,
Assam,KOKRAJHAR,2009,Autumn     ,Rice,27619,26333,,
Assam,KOKRAJHAR,2009,Summer     ,Rice,16849,29136,,
Assam,KOKRAJHAR,2009,Winter     ,Rice,58548,102804,,
Assam,KOKRAJHAR,2010,Autumn     ,Rice,24663,28902,,
Assam,KOKRAJHAR,2010,Summer     ,Rice,17392,38470,,
Assam,KOKRAJHAR,2010,Winter     ,Rice,67368,125366,,
Assam,KOKRAJHAR,2011,Autumn     ,Rice,20698,32540,,
Assam,KOKRAJHAR,2011,Summer     ,Rice,22644,55774,,
Assam,KOKRAJHAR,2011,Winter     ,Rice,62725,97134,,
Assam,KOKRAJHAR,2012,Autumn     ,Rice,21910,28393,,
Assam,KOKRAJHAR,2012,Summer     ,Rice,20960,51092,,
Assam,KOKRAJHAR,2012,Winter     ,Rice,66580,101640,,
Assam,KOKRAJHAR,2013,Autumn     ,Rice,21800,25856,,
Assam,KOKRAJHAR,2013,Summer     ,Rice,23056,69796,,
Assam,KOKRAJHAR,2013,Winter     ,Rice,64633,127450,,
Assam,KOKRAJHAR,2014,Autumn     ,Rice,19867,31130,,
Assam,KOKRAJHAR,2014,Summer     ,Rice,23065,62820,,
Assam,KOKRAJHAR,2014,Winter     ,Rice,65450,119039,,
Assam,LAKHIMPUR,1997,Autumn     ,Rice,18325,11793,,
Assam,LAKHIMPUR,1997,Summer     ,Rice,3820,2121,,
Assam,LAKHIMPUR,1997,Winter     ,Rice,85239,74456,,
Assam,LAKHIMPUR,1998,Autumn     ,Rice,18100,5844,,
Assam,LAKHIMPUR,1998,Summer     ,Rice,8822,7094,,
Assam,LAKHIMPUR,1998,Winter     ,Rice,74100,88195,,
Assam,LAKHIMPUR,1999,Autumn     ,Rice,19125,16422,,
Assam,LAKHIMPUR,1999,Summer     ,Rice,17523,16059,,
Assam,LAKHIMPUR,1999,Winter     ,Rice,87750,105101,,
Assam,LAKHIMPUR,2000,Autumn     ,Rice,19850,15228,,
Assam,LAKHIMPUR,2000,Summer     ,Rice,16668,14841,,
Assam,LAKHIMPUR,2000,Winter     ,Rice,92855,102477,,
Assam,LAKHIMPUR,2001,Autumn     ,Rice,16203,11865,,
Assam,LAKHIMPUR,2001,Summer     ,Rice,18886,13019,,
Assam,LAKHIMPUR,2001,Winter     ,Rice,84084,96065,,
Assam,LAKHIMPUR,2002,Autumn     ,Rice,15969,8326,,
Assam,LAKHIMPUR,2002,Summer     ,Rice,16840,14556,,
Assam,LAKHIMPUR,2002,Winter     ,Rice,87296,86294,,
Assam,LAKHIMPUR,2003,Autumn     ,Rice,16275,10900,,
Assam,LAKHIMPUR,2003,Summer     ,Rice,17225,13057,,
Assam,LAKHIMPUR,2003,Winter     ,Rice,80660,85947,,
Assam,LAKHIMPUR,2004,Autumn     ,Rice,16105,9635,,
Assam,LAKHIMPUR,2004,Summer     ,Rice,16412,15839,,
Assam,LAKHIMPUR,2004,Winter     ,Rice,85910,104400,,
Assam,LAKHIMPUR,2005,Autumn     ,Rice,16115,11862,,
Assam,LAKHIMPUR,2005,Summer     ,Rice,16520,12899,,
Assam,LAKHIMPUR,2005,Winter     ,Rice,88764,101508,,
Assam,LAKHIMPUR,2006,Autumn     ,Rice,18650,13872,,
Assam,LAKHIMPUR,2006,Summer     ,Rice,11962,8992,,
Assam,LAKHIMPUR,2006,Winter     ,Rice,91203,61231,,
Assam,LAKHIMPUR,2007,Autumn     ,Rice,18730,11722,,
Assam,LAKHIMPUR,2007,Summer     ,Rice,16266,11302,,
Assam,LAKHIMPUR,2007,Winter     ,Rice,86648,68736,,
Assam,LAKHIMPUR,2008,Autumn     ,Rice,15278,4248,,
Assam,LAKHIMPUR,2008,Summer     ,Rice,17070,14008,,
Assam,LAKHIMPUR,2008,Winter     ,Rice,91240,56370,,
Assam,LAKHIMPUR,2009,Autumn     ,Rice,15547,12263,,
Assam,LAKHIMPUR,2009,Summer     ,Rice,15572,11320,,
Assam,LAKHIMPUR,2009,Winter     ,Rice,104655,153688,,
Assam,LAKHIMPUR,2010,Autumn     ,Rice,15557,11121,,
Assam,LAKHIMPUR,2010,Summer     ,Rice,16675,17622,,
Assam,LAKHIMPUR,2010,Winter     ,Rice,108330,217671,,
Assam,LAKHIMPUR,2011,Autumn     ,Rice,14499,13871,,
Assam,LAKHIMPUR,2011,Summer     ,Rice,21815,36479,,
Assam,LAKHIMPUR,2011,Winter     ,Rice,114250,210176,,
Assam,LAKHIMPUR,2012,Autumn     ,Rice,14829,16891,,
Assam,LAKHIMPUR,2012,Summer     ,Rice,19372,44526,,
Assam,LAKHIMPUR,2012,Winter     ,Rice,111100,249676,,
Assam,LAKHIMPUR,2013,Autumn     ,Rice,13000,19615,,
Assam,LAKHIMPUR,2013,Summer     ,Rice,16400,25187,,
Assam,LAKHIMPUR,2013,Winter     ,Rice,111700,215763,,
Assam,LAKHIMPUR,2014,Autumn     ,Rice,6861,10015,,
Assam,LAKHIMPUR,2014,Summer     ,Rice,14700,26717,,
Assam,LAKHIMPUR,2014,Winter     ,Rice,102605,224011,,
Assam,MARIGAON,1997,Autumn     ,Rice,27010,14050,,
Assam,MARIGAON,1997,Summer     ,Rice,32500,48230,,
Assam,MARIGAON,1997,Winter     ,Rice,38500,30515,,
Assam,MARIGAON,1998,Autumn     ,Rice,25500,14804,,
Assam,MARIGAON,1998,Summer     ,Rice,40000,103600,,
Assam,MARIGAON,1998,Winter     ,Rice,45000,51151,,
Assam,MARIGAON,1999,Autumn     ,Rice,19600,14812,,
Assam,MARIGAON,1999,Summer     ,Rice,45000,129060,,
Assam,MARIGAON,1999,Winter     ,Rice,50000,77667,,
Assam,MARIGAON,2000,Autumn     ,Rice,15000,11350,,
Assam,MARIGAON,2000,Summer     ,Rice,42000,115206,,
Assam,MARIGAON,2000,Winter     ,Rice,47000,80044,,
Assam,MARIGAON,2001,Autumn     ,Rice,13500,7572,,
Assam,MARIGAON,2001,Summer     ,Rice,37565,87226,,
Assam,MARIGAON,2001,Winter     ,Rice,40000,59652,,
Assam,MARIGAON,2002,Autumn     ,Rice,12270,2922,,
Assam,MARIGAON,2002,Summer     ,Rice,40000,89600,,
Assam,MARIGAON,2002,Winter     ,Rice,36000,45176,,
Assam,MARIGAON,2003,Autumn     ,Rice,11000,2587,,
Assam,MARIGAON,2003,Summer     ,Rice,36000,65484,,
Assam,MARIGAON,2003,Winter     ,Rice,36450,55757,,
Assam,MARIGAON,2004,Autumn     ,Rice,8000,142,,
Assam,MARIGAON,2004,Summer     ,Rice,38000,85196,,
Assam,MARIGAON,2004,Winter     ,Rice,27000,19069,,
Assam,MARIGAON,2005,Autumn     ,Rice,7000,3589,,
Assam,MARIGAON,2005,Summer     ,Rice,29500,59000,,
Assam,MARIGAON,2005,Winter     ,Rice,22000,26611,,
Assam,MARIGAON,2006,Autumn     ,Rice,4749,3136,,
Assam,MARIGAON,2006,Summer     ,Rice,36745,71910,,
Assam,MARIGAON,2006,Winter     ,Rice,32687,17664,,
Assam,MARIGAON,2007,Autumn     ,Rice,4872,1755,,
Assam,MARIGAON,2007,Summer     ,Rice,37950,87854,,
Assam,MARIGAON,2007,Winter     ,Rice,41205,25083,,
Assam,MARIGAON,2008,Autumn     ,Rice,6000,4304,,
Assam,MARIGAON,2008,Summer     ,Rice,32806,84738,,
Assam,MARIGAON,2008,Winter     ,Rice,37920,51320,,
Assam,MARIGAON,2009,Autumn     ,Rice,4526,1720,,
Assam,MARIGAON,2009,Summer     ,Rice,42252,106729,,
Assam,MARIGAON,2009,Winter     ,Rice,31617,44801,,
Assam,MARIGAON,2010,Autumn     ,Rice,4084,2434,,
Assam,MARIGAON,2010,Summer     ,Rice,44104,108364,,
Assam,MARIGAON,2010,Winter     ,Rice,41813,80281,,
Assam,MARIGAON,2011,Autumn     ,Rice,3736,2864,,
Assam,MARIGAON,2011,Summer     ,Rice,43516,122715,,
Assam,MARIGAON,2011,Winter     ,Rice,42745,80418,,
Assam,MARIGAON,2012,Autumn     ,Rice,3645,5291,,
Assam,MARIGAON,2012,Summer     ,Rice,37729,112357,,
Assam,MARIGAON,2012,Winter     ,Rice,39830,77445,,
Assam,MARIGAON,2013,Autumn     ,Rice,2500,4133,,
Assam,MARIGAON,2013,Summer     ,Rice,41120,134956,,
Assam,MARIGAON,2013,Winter     ,Rice,46495,109410,,
Assam,MARIGAON,2014,Autumn     ,Rice,3272,7554,,
Assam,MARIGAON,2014,Summer     ,Rice,42535,132411,,
Assam,MARIGAON,2014,Winter     ,Rice,44115,74261,,
Assam,NAGAON,1997,Autumn     ,Rice,57555,54868,,
Assam,NAGAON,1997,Summer     ,Rice,28013,43668,,
Assam,NAGAON,1997,Winter     ,Rice,142724,136887,,
Assam,NAGAON,1998,Autumn     ,Rice,55191,72760,,
Assam,NAGAON,1998,Summer     ,Rice,41679,100330,,
Assam,NAGAON,1998,Winter     ,Rice,144667,211380,,
Assam,NAGAON,1999,Autumn     ,Rice,42006,51215,,
Assam,NAGAON,1999,Summer     ,Rice,52650,127398,,
Assam,NAGAON,1999,Winter     ,Rice,152987,278662,,
Assam,NAGAON,2000,Autumn     ,Rice,48434,67115,,
Assam,NAGAON,2000,Summer     ,Rice,57976,145532,,
Assam,NAGAON,2000,Winter     ,Rice,141632,232291,,
Assam,NAGAON,2001,Autumn     ,Rice,45551,53449,,
Assam,NAGAON,2001,Summer     ,Rice,57920,135561,,
Assam,NAGAON,2001,Winter     ,Rice,128485,224962,,
Assam,NAGAON,2002,Autumn     ,Rice,40558,43600,,
Assam,NAGAON,2002,Summer     ,Rice,59833,131010,,
Assam,NAGAON,2002,Winter     ,Rice,150888,255670,,
Assam,NAGAON,2003,Autumn     ,Rice,42149,46490,,
Assam,NAGAON,2003,Summer     ,Rice,57686,131458,,
Assam,NAGAON,2003,Winter     ,Rice,152890,275309,,
Assam,NAGAON,2004,Autumn     ,Rice,34348,35752,,
Assam,NAGAON,2004,Summer     ,Rice,58736,134682,,
Assam,NAGAON,2004,Winter     ,Rice,135354,229848,,
Assam,NAGAON,2005,Autumn     ,Rice,26300,24868,,
Assam,NAGAON,2005,Summer     ,Rice,51349,108538,,
Assam,NAGAON,2005,Winter     ,Rice,136033,205340,,
Assam,NAGAON,2006,Autumn     ,Rice,24677,30536,,
Assam,NAGAON,2006,Summer     ,Rice,50412,109513,,
Assam,NAGAON,2006,Winter     ,Rice,94209,131624,,
Assam,NAGAON,2007,Autumn     ,Rice,19065,25429,,
Assam,NAGAON,2007,Summer     ,Rice,42793,104808,,
Assam,NAGAON,2007,Winter     ,Rice,130754,186523,,
Assam,NAGAON,2008,Autumn     ,Rice,18656,27553,,
Assam,NAGAON,2008,Summer     ,Rice,40344,84363,,
Assam,NAGAON,2008,Winter     ,Rice,136199,201910,,
Assam,NAGAON,2009,Autumn     ,Rice,18811,26630,,
Assam,NAGAON,2009,Summer     ,Rice,48829,126120,,
Assam,NAGAON,2009,Winter     ,Rice,114219,228143,,
Assam,NAGAON,2010,Autumn     ,Rice,16005,24301,,
Assam,NAGAON,2010,Summer     ,Rice,47125,126538,,
Assam,NAGAON,2010,Winter     ,Rice,121017,201940,,
Assam,NAGAON,2011,Autumn     ,Rice,14540,22093,,
Assam,NAGAON,2011,Summer     ,Rice,41332,93853,,
Assam,NAGAON,2011,Winter     ,Rice,136220,208257,,
Assam,NAGAON,2012,Autumn     ,Rice,12985,19932,,
Assam,NAGAON,2012,Summer     ,Rice,33914,103130,,
Assam,NAGAON,2012,Winter     ,Rice,131456,246466,,
Assam,NAGAON,2013,Autumn     ,Rice,12088,18018,,
Assam,NAGAON,2013,Summer     ,Rice,44319,122928,,
Assam,NAGAON,2013,Winter     ,Rice,140244,295177,,
Assam,NAGAON,2014,Autumn     ,Rice,11711,19345,,
Assam,NAGAON,2014,Summer     ,Rice,43088,120369,,
Assam,NAGAON,2014,Winter     ,Rice,146934,270857,,
Assam,NALBARI,1997,Autumn     ,Rice,41500,24528,,
Assam,NALBARI,1997,Summer     ,Rice,1280,1009,,
Assam,NALBARI,1997,Winter     ,Rice,105000,88738,,
Assam,NALBARI,1998,Autumn     ,Rice,41282,26769,,
Assam,NALBARI,1998,Summer     ,Rice,3000,4413,,
Assam,NALBARI,1998,Winter     ,Rice,99200,109535,,
Assam,NALBARI,1999,Autumn     ,Rice,36770,32093,,
Assam,NALBARI,1999,Summer     ,Rice,3075,5882,,
Assam,NALBARI,1999,Winter     ,Rice,106972,136977,,
Assam,NALBARI,2000,Autumn     ,Rice,33000,31628,,
Assam,NALBARI,2000,Summer     ,Rice,15115,15780,,
Assam,NALBARI,2000,Winter     ,Rice,106972,125387,,
Assam,NALBARI,2001,Autumn     ,Rice,31500,24642,,
Assam,NALBARI,2001,Summer     ,Rice,15175,17497,,
Assam,NALBARI,2001,Winter     ,Rice,110000,138146,,
Assam,NALBARI,2002,Autumn     ,Rice,21800,17954,,
Assam,NALBARI,2002,Summer     ,Rice,13815,17586,,
Assam,NALBARI,2002,Winter     ,Rice,109990,138892,,
Assam,NALBARI,2003,Autumn     ,Rice,20500,18014,,
Assam,NALBARI,2003,Summer     ,Rice,17100,25103,,
Assam,NALBARI,2003,Winter     ,Rice,110000,142264,,
Assam,NALBARI,2004,Autumn     ,Rice,20500,10752,,
Assam,NALBARI,2004,Summer     ,Rice,17900,26743,,
Assam,NALBARI,2004,Winter     ,Rice,103000,130877,,
Assam,NALBARI,2005,Autumn     ,Rice,13285,10824,,
Assam,NALBARI,2005,Summer     ,Rice,10012,14217,,
Assam,NALBARI,2005,Winter     ,Rice,57959,79926,,
Assam,NALBARI,2006,Autumn     ,Rice,7567,6024,,
Assam,NALBARI,2006,Summer     ,Rice,9000,17433,,
Assam,NALBARI,2006,Winter     ,Rice,65000,84577,,
Assam,NALBARI,2007,Autumn     ,Rice,7300,7521,,
Assam,NALBARI,2007,Summer     ,Rice,8200,13300,,
Assam,NALBARI,2007,Winter     ,Rice,65000,109227,,
Assam,NALBARI,2008,Autumn     ,Rice,6600,6819,,
Assam,NALBARI,2008,Summer     ,Rice,8750,22479,,
Assam,NALBARI,2008,Winter     ,Rice,65000,109675,,
Assam,NALBARI,2009,Autumn     ,Rice,5904,2769,,
Assam,NALBARI,2009,Summer     ,Rice,6750,18482,,
Assam,NALBARI,2009,Winter     ,Rice,64025,110123,,
Assam,NALBARI,2010,Autumn     ,Rice,5117,4790,,
Assam,NALBARI,2010,Summer     ,Rice,6950,18529,,
Assam,NALBARI,2010,Winter     ,Rice,64025,143672,,
Assam,NALBARI,2011,Autumn     ,Rice,4525,3860,,
Assam,NALBARI,2011,Summer     ,Rice,10200,26653,,
Assam,NALBARI,2011,Winter     ,Rice,65000,110443,,
Assam,NALBARI,2012,Autumn     ,Rice,4930,6864,,
Assam,NALBARI,2012,Summer     ,Rice,10932,30336,,
Assam,NALBARI,2012,Winter     ,Rice,65200,131912,,
Assam,NALBARI,2013,Autumn     ,Rice,4930,5701,,
Assam,NALBARI,2013,Summer     ,Rice,11000,31823,,
Assam,NALBARI,2013,Winter     ,Rice,62000,115850,,
Assam,NALBARI,2014,Autumn     ,Rice,2000,3167,,
Assam,NALBARI,2014,Summer     ,Rice,12375,36420,,
Assam,NALBARI,2014,Winter     ,Rice,62000,144858,,
Assam,SIVASAGAR,1997,Autumn     ,Rice,2512,2408,,
Assam,SIVASAGAR,1997,Summer     ,Rice,10,12,,
Assam,SIVASAGAR,1997,Winter     ,Rice,102181,103028,,
Assam,SIVASAGAR,1998,Autumn     ,Rice,1443,1986,,
Assam,SIVASAGAR,1998,Summer     ,Rice,74,147,,
Assam,SIVASAGAR,1998,Winter     ,Rice,88425,145785,,
Assam,SIVASAGAR,1999,Autumn     ,Rice,1835,2345,,
Assam,SIVASAGAR,1999,Summer     ,Rice,126,280,,
Assam,SIVASAGAR,1999,Winter     ,Rice,96019,175077,,
Assam,SIVASAGAR,2000,Autumn     ,Rice,2245,3378,,
Assam,SIVASAGAR,2000,Summer     ,Rice,444,918,,
Assam,SIVASAGAR,2000,Winter     ,Rice,97210,183026,,
Assam,SIVASAGAR,2001,Autumn     ,Rice,2014,3015,,
Assam,SIVASAGAR,2001,Summer     ,Rice,283,573,,
Assam,SIVASAGAR,2001,Winter     ,Rice,97255,198095,,
Assam,SIVASAGAR,2002,Autumn     ,Rice,2023,1940,,
Assam,SIVASAGAR,2002,Summer     ,Rice,180,343,,
Assam,SIVASAGAR,2002,Winter     ,Rice,97649,185655,,
Assam,SIVASAGAR,2003,Autumn     ,Rice,1485,2035,,
Assam,SIVASAGAR,2003,Summer     ,Rice,252,452,,
Assam,SIVASAGAR,2003,Winter     ,Rice,97710,219623,,
Assam,SIVASAGAR,2004,Autumn     ,Rice,1614,2159,,
Assam,SIVASAGAR,2004,Summer     ,Rice,198,388,,
Assam,SIVASAGAR,2004,Winter     ,Rice,98450,221214,,
Assam,SIVASAGAR,2005,Autumn     ,Rice,719,1224,,
Assam,SIVASAGAR,2005,Summer     ,Rice,78,139,,
Assam,SIVASAGAR,2005,Winter     ,Rice,100494,184184,,
Assam,SIVASAGAR,2006,Autumn     ,Rice,994,1655,,
Assam,SIVASAGAR,2006,Summer     ,Rice,76,153,,
Assam,SIVASAGAR,2006,Winter     ,Rice,96103,143528,,
Assam,SIVASAGAR,2007,Autumn     ,Rice,229,248,,
Assam,SIVASAGAR,2007,Summer     ,Rice,16,37,,
Assam,SIVASAGAR,2007,Winter     ,Rice,93249,157967,,
Assam,SIVASAGAR,2008,Autumn     ,Rice,405,356,,
Assam,SIVASAGAR,2008,Summer     ,Rice,85,181,,
Assam,SIVASAGAR,2008,Winter     ,Rice,105920,259099,,
Assam,SIVASAGAR,2009,Autumn     ,Rice,439,588,,
Assam,SIVASAGAR,2009,Summer     ,Rice,13,28,,
Assam,SIVASAGAR,2009,Winter     ,Rice,101185,238091,,
Assam,SIVASAGAR,2010,Autumn     ,Rice,198,205,,
Assam,SIVASAGAR,2010,Summer     ,Rice,53,137,,
Assam,SIVASAGAR,2010,Winter     ,Rice,92927,222177,,
Assam,SIVASAGAR,2011,Autumn     ,Rice,62,52,,
Assam,SIVASAGAR,2011,Summer     ,Rice,336,922,,
Assam,SIVASAGAR,2011,Winter     ,Rice,96696,213241,,
Assam,SIVASAGAR,2012,Autumn     ,Rice,129,150,,
Assam,SIVASAGAR,2012,Summer     ,Rice,172,510,,
Assam,SIVASAGAR,2012,Winter     ,Rice,95535,236386,,
Assam,SIVASAGAR,2013,Autumn     ,Rice,200,300,,
Assam,SIVASAGAR,2013,Summer     ,Rice,553,1649,,
Assam,SIVASAGAR,2013,Winter     ,Rice,95779,205295,,
Assam,SIVASAGAR,2014,Autumn     ,Rice,86,134,,
Assam,SIVASAGAR,2014,Summer     ,Rice,2099,6171,,
Assam,SIVASAGAR,2014,Winter     ,Rice,95674,199785,,
Assam,SONITPUR,1997,Autumn     ,Rice,31431,20768,153117,154507
Assam,SONITPUR,1997,Summer     ,Rice,6000,4698,,
Assam,SONITPUR,1997,Winter     ,Rice,115686,129041,,
Assam,SONITPUR,1998,Autumn     ,Rice,31657,34097,143506,188073
Assam,SONITPUR,1998,Summer     ,Rice,7035,7511,,
Assam,SONITPUR,1998,Winter     ,Rice,104814,146465,,
Assam,SONITPUR,1999,Autumn     ,Rice,27023,29050,159591,220524
Assam,SONITPUR,1999,Summer     ,Rice,9076,12141,,
Assam,SONITPUR,1999,Winter     ,Rice,123492,179333,,
Assam,SONITPUR,2000,Autumn     ,Rice,35186,36473,168710,226285
Assam,SONITPUR,2000,Summer     ,Rice,9276,12847,,
Assam,SONITPUR,2000,Winter     ,Rice,124248,176965,,
Assam,SONITPUR,2001,Autumn     ,Rice,29710,23987,142238,171605
Assam,SONITPUR,2001,Summer     ,Rice,10865,15475,,
Assam,SONITPUR,2001,Winter     ,Rice,101663,132143,,
Assam,SONITPUR,2002,Autumn     ,Rice,32361,34672,163645,214128
Assam,SONITPUR,2002,Summer     ,Rice,12050,16221,,
Assam,SONITPUR,2002,Winter     ,Rice,119234,163235,,
Assam,SONITPUR,2003,Autumn     ,Rice,33235,32795,169963,250048
Assam,SONITPUR,2003,Summer     ,Rice,12840,21580,,
Assam,SONITPUR,2003,Winter     ,Rice,123888,195673,,
Assam,SONITPUR,2004,Autumn     ,Rice,34266,30749,168725,235877
Assam,SONITPUR,2004,Summer     ,Rice,13023,19329,,
Assam,SONITPUR,2004,Winter     ,Rice,121436,185799,,
Assam,SONITPUR,2005,Autumn     ,Rice,34197,36121,169266,236669
Assam,SONITPUR,2005,Summer     ,Rice,13002,15401,,
Assam,SONITPUR,2005,Winter     ,Rice,122067,185147,,
Assam,SONITPUR,2006,Autumn     ,Rice,31664,30187,127270,129563
Assam,SONITPUR,2006,Summer     ,Rice,12827,20358,,
Assam,SONITPUR,2006,Winter     ,Rice,82779,79018,,
Assam,SONITPUR,2007,Autumn     ,Rice,32409,37223,167078,220042
Assam,SONITPUR,2007,Summer     ,Rice,13469,23032,,
Assam,SONITPUR,2007,Winter     ,Rice,121200,159787,,
Assam,SONITPUR,2008,Autumn     ,Rice,33082,34022,173384,252950
Assam,SONITPUR,2008,Summer     ,Rice,16476,30152,,
Assam,SONITPUR,2008,Winter     ,Rice,123826,188776,,
Assam,SONITPUR,2009,Autumn     ,Rice,30182,27550,156238,241466
Assam,SONITPUR,2009,Summer     ,Rice,16384,37213,,
Assam,SONITPUR,2009,Winter     ,Rice,109672,176703,,
Assam,SONITPUR,2010,Autumn     ,Rice,25932,30104,168275,359567
Assam,SONITPUR,2010,Summer     ,Rice,18365,56819,,
Assam,SONITPUR,2010,Winter     ,Rice,123978,272644,,
Assam,SONITPUR,2011,Autumn     ,Rice,26281,38519,172915,309727
Assam,SONITPUR,2011,Summer     ,Rice,17394,58427,,
Assam,SONITPUR,2011,Winter     ,Rice,129240,212781,,
Assam,SONITPUR,2012,Autumn     ,Rice,21466,32422,162954,349919
Assam,SONITPUR,2012,Summer     ,Rice,19365,79652,,
Assam,SONITPUR,2012,Winter     ,Rice,122123,237845,,
Assam,SONITPUR,2013,Autumn     ,Rice,20669,32904,166054,340728
Assam,SONITPUR,2013,Summer     ,Rice,21493,67738,,
Assam,SONITPUR,2013,Winter     ,Rice,123892,240086,,
Assam,SONITPUR,2014,Autumn     ,Rice,18027,32220,173087,380946
Assam,SONITPUR,2014,Summer     ,Rice,25008,81831,,
Assam,SONITPUR,2014,Winter     ,Rice,130052,266895,,
Assam,TINSUKIA,1997,Autumn     ,Rice,7790,7740,,
Assam,TINSUKIA,1997,Summer     ,Rice,72,86,,
Assam,TINSUKIA,1997,Winter     ,Rice,55494,42946,,
Assam,TINSUKIA,1998,Autumn     ,Rice,7425,10428,,
Assam,TINSUKIA,1998,Summer     ,Rice,205,408,,
Assam,TINSUKIA,1998,Winter     ,Rice,57458,88039,,
Assam,TINSUKIA,1999,Autumn     ,Rice,7821,10399,,
Assam,TINSUKIA,1999,Summer     ,Rice,242,537,,
Assam,TINSUKIA,1999,Winter     ,Rice,58739,88945,,
Assam,TINSUKIA,2000,Autumn     ,Rice,9070,13214,,
Assam,TINSUKIA,2000,Summer     ,Rice,400,827,,
Assam,TINSUKIA,2000,Winter     ,Rice,59206,85423,,
Assam,TINSUKIA,2001,Autumn     ,Rice,8469,11390,,
Assam,TINSUKIA,2001,Summer     ,Rice,65,130,,
Assam,TINSUKIA,2001,Winter     ,Rice,56386,98552,,
Assam,TINSUKIA,2002,Autumn     ,Rice,8531,10210,,
Assam,TINSUKIA,2002,Summer     ,Rice,139,264,,
Assam,TINSUKIA,2002,Winter     ,Rice,57990,70697,,
Assam,TINSUKIA,2003,Autumn     ,Rice,7365,10159,,
Assam,TINSUKIA,2003,Summer     ,Rice,139,249,,
Assam,TINSUKIA,2003,Winter     ,Rice,61106,84911,,
Assam,TINSUKIA,2004,Autumn     ,Rice,7130,9428,,
Assam,TINSUKIA,2004,Summer     ,Rice,5,10,,
Assam,TINSUKIA,2004,Winter     ,Rice,54045,81042,,
Assam,TINSUKIA,2005,Autumn     ,Rice,4010,5005,,
Assam,TINSUKIA,2005,Winter     ,Rice,55274,74903,,
Assam,TINSUKIA,2006,Autumn     ,Rice,4890,4997,,
Assam,TINSUKIA,2006,Summer     ,Rice,10,20,,
Assam,TINSUKIA,2006,Winter     ,Rice,55537,70706,,
Assam,TINSUKIA,2007,Autumn     ,Rice,6333,6315,,
Assam,TINSUKIA,2007,Summer     ,Rice,12,28,,
Assam,TINSUKIA,2007,Winter     ,Rice,56528,80593,,
Assam,TINSUKIA,2008,Autumn     ,Rice,6860,7806,,
Assam,TINSUKIA,2008,Winter     ,Rice,58870,84930,,
Assam,TINSUKIA,2009,Autumn     ,Rice,3953,3829,,
Assam,TINSUKIA,2009,Summer     ,Rice,61,132,,
Assam,TINSUKIA,2009,Winter     ,Rice,62459,91080,,
Assam,TINSUKIA,2010,Autumn     ,Rice,6278,12549,,
Assam,TINSUKIA,2010,Summer     ,Rice,71,183,,
Assam,TINSUKIA,2010,Winter     ,Rice,58281,115844,,
Assam,TINSUKIA,2011,Autumn     ,Rice,6202,11704,,
Assam,TINSUKIA,2011,Summer     ,Rice,85,236,,
Assam,TINSUKIA,2011,Winter     ,Rice,58355,106084,,
Assam,TINSUKIA,2012,Autumn     ,Rice,5806,7964,,
Assam,TINSUKIA,2012,Summer     ,Rice,250,741,,
Assam,TINSUKIA,2012,Winter     ,Rice,53003,86946,,
Assam,TINSUKIA,2013,Autumn     ,Rice,5346,7595,,
Assam,TINSUKIA,2013,Summer     ,Rice,85,253,,
Assam,TINSUKIA,2013,Winter     ,Rice,56890,97987,,
Assam,TINSUKIA,2014,Autumn     ,Rice,5670,7682,,
Assam,TINSUKIA,2014,Summer     ,Rice,201,590,,
Assam,TINSUKIA,2014,Winter     ,Rice,57642,97271,,
Assam,UDALGURI,2005,Autumn     ,Rice,21750,14532,,
Assam,UDALGURI,2005,Summer     ,Rice,11996,17922,,
Assam,UDALGURI,2005,Winter     ,Rice,43995,55989,,
Assam,UDALGURI,2006,Autumn     ,Rice,29059,17128,,
Assam,UDALGURI,2006,Summer     ,Rice,12089,20588,,
Assam,UDALGURI,2006,Winter     ,Rice,38404,26480,,
Assam,UDALGURI,2007,Autumn     ,Rice,26231,24388,,
Assam,UDALGURI,2007,Summer     ,Rice,11102,21772,,
Assam,UDALGURI,2007,Winter     ,Rice,35631,45026,,
Assam,UDALGURI,2008,Autumn     ,Rice,24870,28900,,
Assam,UDALGURI,2008,Summer     ,Rice,3419,6271,,
Assam,UDALGURI,2008,Winter     ,Rice,59976,75759,,
Assam,UDALGURI,2009,Autumn     ,Rice,28494,23668,,
Assam,UDALGURI,2009,Summer     ,Rice,4056,6305,,
Assam,UDALGURI,2009,Winter     ,Rice,56358,67397,,
Assam,UDALGURI,2010,Autumn     ,Rice,28295,24523,,
Assam,UDALGURI,2010,Summer     ,Rice,5101,8256,,
Assam,UDALGURI,2010,Winter     ,Rice,61418,89415,,
Assam,UDALGURI,2011,Autumn     ,Rice,28384,27949,,
Assam,UDALGURI,2011,Summer     ,Rice,5770,10693,,
Assam,UDALGURI,2011,Winter     ,Rice,61485,95468,,
Assam,UDALGURI,2012,Autumn     ,Rice,25140,29510,,
Assam,UDALGURI,2012,Summer     ,Rice,5710,18786,,
Assam,UDALGURI,2012,Winter     ,Rice,62167,112707,,
Assam,UDALGURI,2013,Autumn     ,Rice,21145,20367,,
Assam,UDALGURI,2013,Summer     ,Rice,6269,18767,,
Assam,UDALGURI,2013,Winter     ,Rice,63205,91722,,
Assam,UDALGURI,2014,Autumn     ,Rice,25642,24554,,
Assam,UDALGURI,2014,Summer     ,Rice,5805,16349,,
Assam,UDALGURI,2014,Winter     ,Rice,63210,124317,,
